Mindong	Mandarin Trans.	English Trans.	Speaker ID	ISO 639-6	Provider	Year	Month	Date	HH:MM:SS (UTC+8)	Source	Copyright	Tag	Note	Property	Path to Original File
講(說)<G=gōng> 其(的)<G=gì> 都是<G=dŭ-sê> 賺(錯)<G=dâng>, 無(沒有)<G=mò̤> 先生<G=sĕng-săng> 把關<G=bā-guăng>.	說 的 都是 錯 的, 沒有 老師 把關.	Everything said is wrong; there's no teacher to supervise.	3	mnhu	关彳山	2019	10	25						spoken	
伊<G=ĭ> 敆(在)<G=găk> 裏勢(裏面)<G=diē-sié>, 錄音間<G=liŏh-ĭng-găng>, 我<G=nguāi> 敆(在)<G=găk> 外斗(外頭)<G=ngiê-dāu> 把關<G=bā-guăng>.	他 在 裏面, 錄音間, 我 在 外頭 把關.	She's inside, in the recording studio; I'm outside supervising.	3	mnhu	关彳山	2019	10	25						spoken	
盡(很)<G=cêng> 無(沒)<G=mò̤> 面子<G=méng-cṳ̆>.	很 沒 面子.	It's quite embarrassing.	3	mnhu	关彳山	2019	10	25						spoken	
東家(主人)<G=dŭng-gă> 野(真)<G=iā> 闊氣<G=kuák-ké>.	主人 真 闊氣.	The host is really generous.	3	mnhu	关彳山	2019	10	25						spoken	
這<G=cī> 落(間)<G=lŏ̤h> 厝(房子)<G=chió> 野(很)<G=iā> 舊<G=gô>.	這 間 房子 很 舊.	This house is very old.	3	mnhu	关彳山	2019	11	16						spoken	
由(從)<G=iù> 衣裳(衣服)<G=ĭ-siòng> 其(的)<G=gì> 袋袋(口袋)<G=dô̤i-dô̤i> 裏勢(裏面)<G=diē-sié> 掏(拿)<G=dò̤> 出<G=chók> 三<G=săng> 楞(塊)<G=léng> 其(的)<G=gì> 光番(銀圓)<G=guŏng-huăng>.	從 衣服 的 口袋 裏面 拿 出 三 塊 銀圓.	He took out three silver coins from the pocket of his clothes.	3	mnhu	关彳山	2019	11	16						spoken	
汝(你)<G=nṳ̄> 有<G=ô> 掏(拿)<G=dò̤> 賺(錯)<G=dâng> 無(沒有)<G=mò̤>.	你 拿 錯 了 吧.	You must have taken the wrong one.	3	mnhu	关彳山	2019	11	16						spoken	
多<G=dŏ̤> 掏(拿)<G=dò̤> 乞(給)<G=ké̤ṳk> 汝(你)<G=nṳ̄> 錢<G=cièng>.	多 給 你 錢.	You have been given extra money.	3	mnhu	关彳山	2019	11	16						spoken	
汝(你)<G=nṳ̄> 就<G=cêu> 收<G=siŭ> 下<G=giâ> 吧<G=bá>.	你 就 收 下 吧.	Just accept it.	3	mnhu	关彳山	2019	11	16						spoken	
碰<G=pâung> 着(到)<G=diŏh> 好儂(好人)<G=hō̤-nè̤ng> 去(了)<G=kó̤>.	碰 到 好人 了.	Met a good person!	3	mnhu	关彳山	2019	11	16						spoken	
無(不)<G=mò̤> 盡(太)<G=cêng> 在意<G=câi-é>.	不 太 在意.	Don't really care.	3	mnhu	关彳山	2019	11	16						spoken	
蜀(一)<G=siŏh> 儂(人)<G=nè̤ng> 分<G=buŏng> 半<G=buáng> 段(個)<G=dâung>, 扛<G=gŏng> 轉(回)<G=diōng> 厝(家)<G=chió> 討(找)<G=tō̤> 外媽(外婆)<G=ngiê-mā> 齊(一起)<G=cà̤> 食(喫)<G=siăh>.	一 人 分 半 個, 扛 回 家 找 外婆 一起 喫.			mnhu	像子影@Weibo	2019	5	28		維基教科書编者. 福州語/常用短語表[G/OL]. 中文維基教科書, 2019-05-28[2019-05-28]. https://zh.wikibooks.org/w/index.php?title=福州語/常用短语表%26direction=next%26oldid=122355.	CC BY-SA 3.0	戲謔		spoken	
使(要)<G=sāi> 汝(你)<G=nṳ̄> 講(說)<G=gōng>?	要 你 說?		11	fzho	关彳山	2017								spoken	
在(隨便)[zai53] 汝(你)[ny33] 蔣(怎麼)[zuong242] 講(說)[goung33].	隨便 你 怎麼 說.		11	fzho	关彳山	2020	4	11						spoken	
像(比方)[cuong242]<G=chiông> 講(說)[goung33]<G=gōng>.	比方 說.		3	mnhu	关彳山									spoken	
本次<G=buōng-ché̤ṳ> 列車<G=liĕk-chiă> 終點站<G=cṳ̆ng-diēng-câng>, 福州火車南站<G=hók-cĭu-huōi-chiă-nàng-câng>. 下<G=â> 蜀(一)<G=siŏh> 站<G=câng> 黃山<G=uòng-săng>.	本次 列車 終點站, 福州火車南站. 下 一 站 黃山.		31	fzho	关彳山	2016				维基百科编者. 福州地铁[G/OL]. 中文维基百科, 2016-06-20[2020-04-15]. https://zh.wikipedia.org/w/index.php?title=%E7%A6%8F%E5%B7%9E%E5%9C%B0%E9%93%81%26oldid=40525393.	CC BY-SA 3.0	交通		formal	plaintext\sentences\下一站黃山.tsv
黃山<G=uòng-săng> 遘(到)<G=gáu> 了<G=lāu>, 請<G=chiāng> 趁(從)<G=téng> 左邊(左側)<G=cō̤-bĕng> 車門<G=chiă-muòng> 落車(下車)<G=lŏ̤h-chiă>.	黃山 到 了, 請 從 左側 車門 下車.		31	fzho	关彳山	2016				维基百科编者. 福州地铁[G/OL]. 中文维基百科, 2016-06-20[2020-04-15]. https://zh.wikipedia.org/w/index.php?title=%E7%A6%8F%E5%B7%9E%E5%9C%B0%E9%93%81%26oldid=40525393.	CC BY-SA 3.0	交通		formal	plaintext\sentences\下一站黃山.tsv
躒(逛蕩)[loouk24]<G=láuk> 下(下去)[gia242]<G=giâ>.	逛 下去.		30	fzho	关彳山	2020	4	12				一般動作		spoken	
注意[zy53-ei213]<G=cê̤ṳ-é> 列車[liek5-chia55]<G=liĕk-chiă> 共(和)[geoyng242]<G=gâe̤ng> 站臺[zang33-dai53]<G=câng-dài> 之間[zi55-gang55]<G=cĭ-găng> 其(的)[i53]<G=gì> 空(空隙)[keoyng55]<G=kĕ̤ng>.	注意 列車 和 站臺 之間 的 空隙.		23	fzho	关彳山	2017						交通		translated	
喙碼(嘴巴) 盡(很) 甜.	嘴 很 甜.		32	mqig	晉安梅客@Weibo	2020	4	16						spoken	
乍[zia213](纔) 工作[geoyng53-nauk24] 無[mo53](沒) 偌[nuoh24](多) 𣆯[oung53](久).			3	mnhu	关彳山	2020	4	17						spoken	
我[nguai33] 無[mo55] 行[ngiang53].	我 無 去 過.		3	mnhu	关彳山	2020	6	5						spoken	
幹勁[gang53-geing213] 盡(滿)[zing53] 足[zeoyk24].	幹勁 滿 足 的.		3	mnhu	关彳山	2020	4	17						spoken	
水(潮水)[zy55] 退[tooy213] 去(了)[oo0].	潮水 退 了.		33	fzho	关彳山	2020	5	3						spoken	
𧧏*[eo53]. 拍[pah53] 死[si33].	哎. 再 鬧 小心 打 死.		34	fzho	关彳山	2020	5	3					喝止驚犬	spoken	
介(再)[ge55] 來[li53].	再 來.		35	fzho	关彳山	2020	6	20						spoken	
介(再)[gai55] 來[li53].	再 來.		15	mnhu	关彳山	2020	6	20						spoken	
半桶水[buang21-teoyng24-zui33].	半桶水.		15	mnhu	关彳山	2020	6	20						spoken	
半[buang53] 桶[teoyng33] 水[zui33].	半 桶 的 水.		15	mnhu	关彳山	2020	6	20						spoken	
粽 着(要) 凍(涼) 𡅏(着) 食(喫).	粽子 要 冷 了 喫.		11	fzho	关彳山	2020	6	28						spoken	
姨 厝(家) 雞 生 其(的) 卵(蛋).	姨姨 家 的 雞 生 的 蛋.			fuqi	五毛@QQ	2020	6	28						spoken	
姨 生 其 卵.	姨姨 家 的 雞 生 的 蛋.			fuqi	五毛@QQ	2020	6	28						spoken	
無管(不管) 汝 去 伓去(不去), 我 還在(反正) 都 是 着(要) 去.	不管 你 去 不去, 我 反正 都 是 要 去.		15	mnhu	关彳山	2020	7	6						spoken	
晡時雨, 逿 冰雹. 噼{里,哩}啪啷 盡去 响, 做 细 遘 大 頭回 見.	傍晚 強對流天氣, 下 起 了 冰雹. 劈里啪啦 真是 響, 從 小 到 大 未曾 見.		36		李浩博	2020	3	27						written	
今旦 物理 化學 堂 見覺 {將,蔣}其 {呀,也}. 洋當池, 洋當池, 就是 乇 恰 価 {咯,囉}.	今天 的 物理 化學課 感覺 如何. 還行, 還行, 就是 內容 太 豐滿 了.		36		李浩博	2020	4	16						written	
這[zi21] 兩[lang55] 工[eoyng55] 降溫 野 利害 {啊,吓}, 做 蜀下 就 趁 三十 度 逿 遘 十 幾 度 了 去.	這 兩 天 降溫 真 厲害, 一下子 就 從 三十 多 度 掉 到 十 幾 度 了.		36		李浩博	2020	4	24						written	plaintext\sentences\這兩工降溫野利害.tsv
伓是 故 儥 捨. 都 講, 清明 穀雨, 寒 死 老鼠, 今年暝 雖然 講 天氣 反常 熱, 者 寒 遲 囉, 但是 到底 也 遘 囉{啊,吓}.	那 可 不是. 俗話 說, 清明 穀雨, 寒 死 老鼠, 今年 雖然 說 天氣 反常 {的,地} 熱, 但是 冷空氣 到底 雖 遲 但 到 啊.		36		李浩博	2020	4	24						written	plaintext\sentences\這兩工降溫野利害.tsv
{將,蔣} 想 遘 我 會 使 投影 其 方法 {共,乞} 阿公 阿媽 敆 B站 懸頂 看 閩劇.	我 居然 用 投屏 的 辦法 讓 阿公 阿媽 在 B站 上 欣賞 閩劇 了.		36		李浩博	2020	5	30						written	
因爲 季風 大 做, 直頭 逿 雨, 今年暝 小滿 其 天氣 儥 熱. 夏天 乍 遘, 者 阿蠐 故 未 叫, 荔枝 已經 紅 了.	因為 季風 盛行, 降水 頻繁, 今年 的 小滿 不 算 熱. 夏天 剛 到, 還 沒 聽見 蟬 鳴, 荔枝 已經 熟 得 發 紅 了.		36		李浩博	2020	6	30						written	
野(很) 霸(厲害).	很 厲害.		25	fzho	刑部Dana	2020	5	19	15:37:35					written	plaintext\sentences\野霸已經OK了.tsv
已經 OK<Ŋ=en> 了.	已經 好 了.		25	fzho	刑部Dana	2020	5	19	15:37:51					written	plaintext\sentences\野霸已經OK了.tsv
野(很) 好!	很 好!		25	fzho	刑部Dana	2020	5	19	15:38:16					written	plaintext\sentences\野霸已經OK了.tsv
真 其 野 透骹.	真 的 很 舒服.		25	fzho	刑部Dana	2020	5	19	15:38:35					written	plaintext\sentences\野霸已經OK了.tsv
謝謝 汝!	謝謝 你!		25	fzho	刑部Dana	2020	5	19	15:39:24					written	plaintext\sentences\野霸已經OK了.tsv
但是…	但是…		25	fzho	刑部Dana	2020	5	19	15:40:21					written	plaintext\sentences\野霸已經OK了.tsv
我 其 詞 野 少.	我 掌握 的 詞 很 少.		25	fzho	刑部Dana	2020	5	19	15:40:48					written	plaintext\sentences\野霸已經OK了.tsv
正是.	是的.		25	fzho	刑部Dana	2020	5	19	15:42:38					written	
會使.	好的.		25	fzho	刑部Dana	2020	5	19	15:44:03					written	
我 會仈.	我 懂.		25	fzho	刑部Dana	2020	5	19	15:52:00					written	
故 有 仂囝 儥 清楚 其.	還 有 一 點 不 明白.		25	fzho	刑部Dana	2020	5	19	15:54:53					written	plaintext\sentences\故有仂囝儥清楚其.tsv
普通話 反查<Ŋ=cmn> 是{否,伓是}[sie53-nei242] 㑚 使 查 {一,蜀} 隻 詞?	普通話 反查 是不是 只 需要 查 一 個 詞?		25	fzho	刑部Dana	2020	5	19	15:57:36					written	plaintext\sentences\故有仂囝儥清楚其.tsv
我 繁體 野(很) 呆(差).	我 繁體 掌握 得 很 差.		25	fzho	刑部Dana	2020	5	19	15:58:43					written	plaintext\sentences\故有仂囝儥清楚其.tsv
我 使 嚽 拍 故是 有 問題.	我 用 這個 打 字 還是 有 問題.		25	fzho	刑部Dana	2020	5	19	16:00:39					written	plaintext\sentences\故有仂囝儥清楚其.tsv
手機 也 有?!	手機 也 有?!		25	fzho	刑部Dana	2020	5	19	16:03:36					written	plaintext\sentences\手機也有.tsv
會使.	可以.		25	fzho	刑部Dana	2020	5	19	16:06:24					written	plaintext\sentences\手機也有.tsv
我 先 去 睏晝, 野 睶 去.	我 先 去 睡 午覺, 很 睏 了.		24	fzho	关彳山	2020	5	19	16:02:31					written	plaintext\sentences\我先去睏晝野睶去.tsv
汝 快[ke53] 去[oo213] 睏.	你 快 去 睡.		25	fzho	刑部Dana	2020	5	19	16:08:39					written	plaintext\sentences\我先去睏晝野睶去.tsv
我 現在 開始 有 仂囝 摸魚摸蝦.	我 現在 開始 有 一點 茫然.		25	fzho	刑部Dana	2020	5	19	16:24:17					written	plaintext\sentences\我現在開始有仂囝摸魚摸蝦.tsv
我 等 汝 爬 起 去 汝 講.	我 等 你 起 牀 , 那 時候 你 再 回覆.		25	fzho	刑部Dana	2020	5	19	16:25:12					written	plaintext\sentences\我現在開始有仂囝摸魚摸蝦.tsv
我 也 儥仈 傒勢, 就是 我 儥{鍾意,中意} 使 {反察,反查}<Ŋ=cmn>.			25	fzho	刑部Dana	2020	5	19	16:32:13					written	plaintext\sentences\我現在開始有仂囝摸魚摸蝦.tsv
雖然 我 使 嚽 無 許般[hi21-wuang55] 習慣.			25	fzho	刑部Dana	2020	5	19	16:33:20					written	plaintext\sentences\我現在開始有仂囝摸魚摸蝦.tsv
但是 我 使 {反察,反查}<Ŋ=cmn> 其 時候 就是 有 仂囝 排斥<Ŋ=cmn>.			25	fzho	刑部Dana	2020	5	19	16:34:27					written	plaintext\sentences\我現在開始有仂囝摸魚摸蝦.tsv
我 就 敆 𡅏 {跇了,直頭}[ti53-lau33] 拍, 實在 是拍 儥 出 乍 使 {反察,反查}<Ŋ=cmn>.			25	fzho	刑部Dana	2020	5	19	16:35:16					written	plaintext\sentences\我現在開始有仂囝摸魚摸蝦.tsv
仱 嚽 𡅏 使 嚽 其 時間 野 𣆯…			25	fzho	刑部Dana	2020	5	19	16:36:08					written	plaintext\sentences\我現在開始有仂囝摸魚摸蝦.tsv
故 有 嚽 𡅏 我 也 儥 仈 我 使 其 字 是{偍,伓是}[sie53-nei242] 對<Ŋ=cmn> 其 故 是 賺 其, 反正 我 都 儥仈… 都是 敆 𡅏 摸魚摸蝦 {hhh,哈哈哈}.			25	fzho	刑部Dana	2020	5	19	16:38:54					written	plaintext\sentences\我現在開始有仂囝摸魚摸蝦.tsv
盡 像 蜀 隻 蜀 兩 歲 其 伲囝哥 敆 𡅏 學 蔣 講 話.			25	fzho	刑部Dana	2020	5	19	16:40:59					written	plaintext\sentences\我現在開始有仂囝摸魚摸蝦.tsv
我 自家 拍 其 字 我 會仈 是 世乇[sieng53-noh24] 意思, 但是 看 別{人,儂} 我 就 野 {吃力,卸力}[sia55-lik5] 了.			25	fzho	刑部Dana	2020	5	19	16:43:37					written	plaintext\sentences\我現在開始有仂囝摸魚摸蝦.tsv
先 伓 共 汝 講 了, 我 跟 汝 講 這般 価 了, 我 野 辛苦……			25	fzho	刑部Dana	2020	5	19	16:46:47					written	plaintext\sentences\我現在開始有仂囝摸魚摸蝦.tsv
費 頭腦, 野 蒻[yok24].			25	fzho	刑部Dana	2020	5	19	16:47:53					written	plaintext\sentences\我現在開始有仂囝摸魚摸蝦.tsv
今旦 寫 作文 我 感覺 野 難, 㑚 仂 久 時間 馬上 就 着 交 乞 先生.			25	fzho	刑部Dana	2020	5	21	13:14:59					written	plaintext\sentences\今旦寫作文我感覺野難.tsv
我 蜀 字 都 寫 儥 出 了.			25	fzho	刑部Dana	2020	5	21	13:51:10					written	plaintext\sentences\今旦寫作文我感覺野難.tsv
我 野 氣.			25	fzho	刑部Dana	2020	5	21	13:51:21					written	plaintext\sentences\今旦寫作文我感覺野難.tsv
傒勢 會 總款.	怎麼 會 這樣.		25	fzho	刑部Dana	2020	5	21	13:52:27					written	plaintext\sentences\今旦寫作文我感覺野難.tsv
我 寫 完 了. 我 野 霸. 我 就是 天才<Ŋ=cmn>.			25	fzho	刑部Dana	2020	5	21	15:32:27					written	plaintext\sentences\我寫完了我野霸我就是天才.tsv
{2h,兩點鍾} 寫 了 {3000,三千} 字.	兩 個 小時 寫 了 三千 字.		25	fzho	刑部Dana	2020	5	21	15:32:58					written	plaintext\sentences\我寫完了我野霸我就是天才.tsv
是, 因爲 我 儥仈 蔣 拚.			25	fzho	刑部Dana	2020	5	21	15:34:30					written	
水 着(在) 零下(零度以下) 會 結冰.	水 在 零下 會 結冰.			fuqi	林文芳	2017				范晓蕾. 基于汉语方言的惯常范畴研究[J/OL]. 当代语言学, 2017, 19(4): 573. https://fh.pku.edu.cn/docs/2019-04/20190410152556167231.pdf.				spoken	
小明 會 聰明 儥.	小明 聰明 嗎.			fuqi	林文芳	2017				范晓蕾. 基于汉语方言的惯常范畴研究[J/OL]. 当代语言学, 2017, 19(4): 573. https://fh.pku.edu.cn/docs/2019-04/20190410152556167231.pdf.				spoken	
貓 儥(不) 驚(怕) 老鼠.	貓 不怕 老鼠.			fuqi	林文芳	2017				范晓蕾. 基于汉语方言的惯常范畴研究[J/OL]. 当代语言学, 2017, 19(4): 573. https://fh.pku.edu.cn/docs/2019-04/20190410152556167231.pdf.				spoken	
伊(他) 野(很) 孝順, 經常 有 去 看 伊 奶.	他 很 孝順, 經常 去 看 他 母親.			fuqi	林文芳	2017				范晓蕾. 基于汉语方言的惯常范畴研究[J/OL]. 当代语言学, 2017, 19(4): 575. https://fh.pku.edu.cn/docs/2019-04/20190410152556167231.pdf.				spoken	
汝(你) 厝(家) 做年(過年) 有 炊(蒸) 糖粿(年糕) 無(沒有).				fuqi	林文芳	2017				范晓蕾. 基于汉语方言的惯常范畴研究[J/OL]. 当代语言学, 2017, 19(4): 575. https://fh.pku.edu.cn/docs/2019-04/20190410152556167231.pdf.				spoken	
汝(你) 看 我 面(臉) □□(現在)[zung33-mang33] 有 無 紅.	你 看 我 臉 現在 是 不是 紅 的.			fuqi	林文芳	2017				范晓蕾. 基于汉语方言的惯常范畴研究[J/OL]. 当代语言学, 2017, 19(4): 575. https://fh.pku.edu.cn/docs/2019-04/20190410152556167231.pdf.				spoken	plaintext\sentences\汝看我面這幫有無紅.tsv
有 紅.	是 紅 的.			fuqi	林文芳	2017				范晓蕾. 基于汉语方言的惯常范畴研究[J/OL]. 当代语言学, 2017, 19(4): 575. https://fh.pku.edu.cn/docs/2019-04/20190410152556167231.pdf.				spoken	plaintext\sentences\汝看我面這幫有無紅.tsv
雨 摒 有夠 透, 熱天 會 歇 蜀 歇 了. 暝晡 儥 算 長, 起 風 總算 會 涼 了.	久 暑 逢 時雨, 短 夜 遇 涼 風.		36		李浩博	2020	7	19						written	
汝(你)<G=nṳ̄>[ny33] 奶(媽)<G=nā̤>[ne33].				fzho	关彳山					維基教科書编者. 福州語/詈罵用語[G/OL]. 中文維基教科書, 2019-11-12[2020-08-09]. https://zh.wikibooks.org/w/index.php?title=福州語/詈罵用語%26direction=next%26oldid=128829.	CC BY-SA 3.0	貶義		spoken	
汝(你)<G=nṳ̄>[ny24] 奶(媽)<G=nā̤>[ne33].				fzho	关彳山					維基教科書编者. 福州語/詈罵用語[G/OL]. 中文維基教科書, 2019-11-12[2020-08-09]. https://zh.wikibooks.org/w/index.php?title=福州語/詈罵用語%26direction=next%26oldid=128829.	CC BY-SA 3.0	貶義		spoken	
伊(他)<G=ĭ>[i53] 奶(媽)<G=nā̤>[ne33].				fzho	关彳山					維基教科書编者. 福州語/詈罵用語[G/OL]. 中文維基教科書, 2019-11-12[2020-08-09]. https://zh.wikibooks.org/w/index.php?title=福州語/詈罵用語%26direction=next%26oldid=128829.	CC BY-SA 3.0	貶義		spoken	
伊(他)<G=ĭ>[i53] 娘奶(媽)<G=nòng-nā̤>[noung33-ne33].				fzho	关彳山					維基教科書编者. 福州語/詈罵用語[G/OL]. 中文維基教科書, 2019-11-12[2020-08-09]. https://zh.wikibooks.org/w/index.php?title=福州語/詈罵用語%26direction=next%26oldid=128829.	CC BY-SA 3.0	貶義		spoken	
惹(肏)<G=niā>[nia21] 汝(你)<G=nṳ̄>[ny24] 奶(媽)<G=nā̤>[ne33].				fzho	关彳山					維基教科書编者. 福州語/詈罵用語[G/OL]. 中文維基教科書, 2019-11-12[2020-08-09]. https://zh.wikibooks.org/w/index.php?title=福州語/詈罵用語%26direction=next%26oldid=128829.	CC BY-SA 3.0	貶義	「惹」語義較「𠚺」輕	spoken	
鑢<G=ló̤> 汝<G=nṳ̄> 奶<G=nā̤>.			25	fzho	刑部Dana					維基教科書编者. 福州語/詈罵用語[G/OL]. 中文維基教科書, 2019-11-12[2020-08-09]. https://zh.wikibooks.org/w/index.php?title=福州語/詈罵用語%26direction=next%26oldid=128829.	CC BY-SA 3.0	貶義		spoken	
我[nguai33]<G=nguāi> 𠚺(肏)[sa21]<G=sá> 汝(你)[ny24]<G=nṳ̄> 奶(媽)[ne33]<G=nā̤>.				fzho	关彳山					維基教科書编者. 福州語/詈罵用語[G/OL]. 中文維基教科書, 2019-11-12[2020-08-09]. https://zh.wikibooks.org/w/index.php?title=福州語/詈罵用語%26direction=next%26oldid=128829.	CC BY-SA 3.0	貶義		spoken	
汝(你)[ny24]<G=nṳ̄> 奶(媽)[ne33]<G=nā̤> 我[nguai33]<G=nguāi> 𠚺(肏)[sa213]<G=sá>.				fzho	关彳山					維基教科書编者. 福州語/詈罵用語[G/OL]. 中文維基教科書, 2019-11-12[2020-08-09]. https://zh.wikibooks.org/w/index.php?title=福州語/詈罵用語%26direction=next%26oldid=128829.	CC BY-SA 3.0	貶義		spoken	
汝(你)<G=nṳ̄> 奶(媽)<G=nā̤> 乞(被)<G=ké̤ṳk> 我<G=nguāi> 𠚺(肏)<G=sá>.				fzho	关彳山					維基教科書编者. 福州語/詈罵用語[G/OL]. 中文維基教科書, 2019-11-12[2020-08-09]. https://zh.wikibooks.org/w/index.php?title=福州語/詈罵用語%26direction=next%26oldid=128829.	CC BY-SA 3.0	貶義		spoken	
𠚺(肏)<G=sá>[sa213] 伊(他)<G=ĭ>[i53] 奶(媽)<G=nā̤>[ne33].	肏 你 妈.			fzho	关彳山					R. S. Maclay, C. C. Baldwin, S. H. Leger. Dictionary of the Foochow Dialect[M]. 3rd ed. 1929: 1439.	CC BY-SA 3.0	貶義		spoken	
惹(肏)<G=niā> 汝(你)<G=nṳ̄> 大公(祖爺爺)<G=duâi-gŭng>.	肏 你 大爺.			fzho	关彳山					維基教科書编者. 福州語/詈罵用語[G/OL]. 中文維基教科書, 2019-11-12[2020-08-09]. https://zh.wikibooks.org/w/index.php?title=福州語/詈罵用語%26direction=next%26oldid=128829.	CC BY-SA 3.0	貶義		spoken	
惹(肏)<G=niā> 汝(你)<G=nṳ̄> 大嬤(祖奶奶)<G=duâi-mā>.	肏 你 奶奶.			fzho	关彳山					維基教科書编者. 福州語/詈罵用語[G/OL]. 中文維基教科書, 2019-11-12[2020-08-09]. https://zh.wikibooks.org/w/index.php?title=福州語/詈罵用語%26direction=next%26oldid=128829.	CC BY-SA 3.0	貶義		spoken	
漱<G=sók> 螺鳥(𣬠𣬶)<G=lòi-iū>.	舔 我 𣬠𣬶.			mqig	关彳山					維基教科書编者. 福州語/詈罵用語[G/OL]. 中文維基教科書, 2019-11-12[2020-08-09]. https://zh.wikibooks.org/w/index.php?title=福州語/詈罵用語%26direction=next%26oldid=128829.	CC BY-SA 3.0	貶義		spoken	
做(搞)<G=có̤>[zoo213] 世乇(什麼)<G=sié-nó̤h>[sie53-nooh24] 霸霸(𣬠𣬶)<G=bá-bá>[ba21-wa213].				fzho	关彳山					維基教科書编者. 福州語/詈罵用語[G/OL]. 中文維基教科書, 2019-11-12[2020-08-09]. https://zh.wikibooks.org/w/index.php?title=福州語/詈罵用語%26direction=next%26oldid=128829.	CC BY-SA 3.0	貶義		spoken	
龍眼(㞗)<G=lèng-ngēng>.	蛋蛋.			fzho	关彳山					維基教科書编者. 福州語/詈罵用語[G/OL]. 中文維基教科書, 2019-11-12[2020-08-09]. https://zh.wikibooks.org/w/index.php?title=福州語/詈罵用語%26direction=next%26oldid=128829.	CC BY-SA 3.0	貶義	不及「霸霸」粗鄙	spoken	
做<G=có̤> 世乇<G=sié-nó̤h> 龍眼<G=lèng-ngēng>.	搞 什麼 蛋蛋.			fzho	关彳山					維基教科書编者. 福州語/詈罵用語[G/OL]. 中文維基教科書, 2019-11-12[2020-08-09]. https://zh.wikibooks.org/w/index.php?title=福州語/詈罵用語%26direction=next%26oldid=128829.	CC BY-SA 3.0	貶義		spoken	
做<G=có̤> 汝<G=nṳ̄> 龍眼<G=lèng-ngēng> 事<G=dâi>.				fzho	关彳山					維基教科書编者. 福州語/詈罵用語[G/OL]. 中文維基教科書, 2019-11-12[2020-08-09]. https://zh.wikibooks.org/w/index.php?title=福州語/詈罵用語%26direction=next%26oldid=128829.	CC BY-SA 3.0	貶義		spoken	
仱<G=dāng> 做<G=có̤> 龍眼<G=lèng-ngēng>.	完 㞗 了.			fzho	关彳山					維基教科書编者. 福州語/詈罵用語[G/OL]. 中文維基教科書, 2019-11-12[2020-08-09]. https://zh.wikibooks.org/w/index.php?title=福州語/詈罵用語%26direction=next%26oldid=128829.	CC BY-SA 3.0	貶義		spoken	
做<G=có̤> 骨<G=gáuk>.				fzho	关彳山					維基教科書编者. 福州語/詈罵用語[G/OL]. 中文維基教科書, 2019-11-12[2020-08-09]. https://zh.wikibooks.org/w/index.php?title=福州語/詈罵用語%26direction=next%26oldid=128829.	CC BY-SA 3.0	貶義		spoken	
做<G=có̤> 骨骨<G=gáuk-gáuk>.				fzho	关彳山					維基教科書编者. 福州語/詈罵用語[G/OL]. 中文維基教科書, 2019-11-12[2020-08-09]. https://zh.wikibooks.org/w/index.php?title=福州語/詈罵用語%26direction=next%26oldid=128829.	CC BY-SA 3.0	貶義		spoken	
做<G=có̤> 骨頭<G=gáuk-tàu>.				fzho	关彳山					維基教科書编者. 福州語/詈罵用語[G/OL]. 中文維基教科書, 2019-11-12[2020-08-09]. https://zh.wikibooks.org/w/index.php?title=福州語/詈罵用語%26direction=next%26oldid=128829.	CC BY-SA 3.0	貶義		spoken	
做<G=có̤> 世乇<G=sié-nó̤h> 骨骨<G=gáuk-gáuk>.				fzho	关彳山					維基教科書编者. 福州語/詈罵用語[G/OL]. 中文維基教科書, 2019-11-12[2020-08-09]. https://zh.wikibooks.org/w/index.php?title=福州語/詈罵用語%26direction=next%26oldid=128829.	CC BY-SA 3.0	貶義		spoken	
做<G=có̤> 世乇<G=sié-nó̤h> 骨頭<G=gáuk-tàu>.				fzho	关彳山					維基教科書编者. 福州語/詈罵用語[G/OL]. 中文維基教科書, 2019-11-12[2020-08-09]. https://zh.wikibooks.org/w/index.php?title=福州語/詈罵用語%26direction=next%26oldid=128829.	CC BY-SA 3.0	貶義		spoken	
做<G=có̤> 汝<G=nṳ̄> 骨骨<G=gáuk-gáuk>.				fzho	关彳山					維基教科書编者. 福州語/詈罵用語[G/OL]. 中文維基教科書, 2019-11-12[2020-08-09]. https://zh.wikibooks.org/w/index.php?title=福州語/詈罵用語%26direction=next%26oldid=128829.	CC BY-SA 3.0	貶義	加「汝」字粗魯過不加	spoken	
做<G=có̤> 汝<G=nṳ̄> 死儂<G=sī-nè̤ng> 骨骨<G=gáuk-gáuk>.				fzho	关彳山					維基教科書编者. 福州語/詈罵用語[G/OL]. 中文維基教科書, 2019-11-12[2020-08-09]. https://zh.wikibooks.org/w/index.php?title=福州語/詈罵用語%26direction=next%26oldid=128829.	CC BY-SA 3.0	貶義	粗魯過「做汝骨骨」	spoken	
汝<G=nṳ̄> 奶<G=nā̤> 無<G=mò̤> 骨骨<G=gáuk-gáuk>.				fzho	关彳山					維基教科書编者. 福州語/詈罵用語[G/OL]. 中文維基教科書, 2019-11-12[2020-08-09]. https://zh.wikibooks.org/w/index.php?title=福州語/詈罵用語%26direction=next%26oldid=128829.	CC BY-SA 3.0	貶義		spoken	
欛欛(𣬠𣬶)<G=bá-bá> 話<G=uâ>.				fzho	关彳山					維基教科書编者. 福州語/詈罵用語[G/OL]. 中文維基教科書, 2019-11-12[2020-08-09]. https://zh.wikibooks.org/w/index.php?title=福州語/詈罵用語%26direction=next%26oldid=128829.	CC BY-SA 3.0	貶義		spoken	
脧友(𣬠𣬶)<G=lòi-iū>[leoy21-iu55] 話<G=uâ>[ua242].				fzho	关彳山					維基教科書编者. 福州語/詈罵用語[G/OL]. 中文維基教科書, 2019-11-12[2020-08-09]. https://zh.wikibooks.org/w/index.php?title=福州語/詈罵用語%26direction=next%26oldid=128829.	CC BY-SA 3.0	貶義		spoken	
汝(你) 奶(媽) 白屁[bah21-pei213].				fzho	葉劍飛	2020	5	27				貶義		spoken	
汝(你) 奶(媽) 霸霸(𣬠𣬶).				fzho	葉劍飛	2020	5	27				貶義		spoken	
汝(你) 奶(媽) 姕䫌(屄).	你 媽 個 屄.			fzho	葉劍飛	2020	5	27				貶義		spoken	
汝(你)[ny33] 無(沒有) 霸霸囝(小𣬠𣬠)[ba21-wa53-iang33].					朱振宇	2020	8	6				貶義		spoken	
汝(你)[ny33] 是[si21] 我[nguai21] 孫[soung55].					朱振宇	2020	8	6				貶義		spoken	
我[nguai33] 拍(打)[pah53] 死[si33] 汝(你)[ny33] 這[zi53] 隻(個)[ieh24] 椷囝(崽子)[ang33-iang33].					朱振宇	2020	8	6				貶義		spoken	
寝*寝*(剛剛好) 犁(貼) 三中 裡(進) 去.	壓 線 考 進 三中.			mnhu	子善	2020	8	19						spoken	
銇[leoy53](鑽) 裡[lie33](進) 去[oo0].	鑽 進 去.		2	mnhu	关彳山	2020	8	20						spoken	
敆(在) 厝(家) 養(帶) 伲囝哥(小孩).				ygti	hf万物@QQ	2020	8	23	18:09:03					spoken	
乞(被) 儂(人) 𠿁[iak24](拐) 去.			15		hf万物@QQ	2020	8	23	18:21:35					spoken	
底所(哪裏)[die53-neo33].				liji	关彳山	2020	7	17						spoken	
乞(被) 做(搞) 氣(生氣) 去(了).					残蕊芳华@QQ	2020	9	1						spoken	
款(相貌) 生(長得) 盡(很) 俊(好看).					晉安梅客@Weibo	2020	9	14						spoken	
頭首 野(很) 俊(好看).					像子影@Weibo	2020	9	14						spoken	
做(搞)<G=có̤>[zoo213] 世乇(什麼)<G=sié-nó̤h>[sie53-nooh24] 螺鳥(𣬠𣬶).					hf万物@QQ	2020	9	14				貶義		spoken	
做(搞)<G=có̤>[zoo213] 世乇(什麼)<G=sié-nó̤h>[sie53-nooh24] 貓囝(東西).					hf万物@QQ	2020	9	14				貶義		spoken	
安*無(有沒有) 元寶灰 賣 去(了)?	有 元寶灰 賣 嗎?				葉修齊	2019	5	18					叫賣	spoken	
茶箬(茶葉), 寶圓.					葉修齊	2019	5	18					叫賣	spoken	
元寶灰 吓(啊)! 有無(有沒有) 元寶灰 賣 無(沒有) 吓(啊)?					葉劍飛	2020	9	19					叫賣	spoken	
廢品 收購 吓(啊)! 圖書, 報紙, 呆銅, 呆鐵 吓(啊)! 可樂瓶 收購, 易拉罐 收購 吓(啊)!					葉劍飛	2020	9	19					叫賣	spoken	
咬𧏫藥(蟑螂藥), 紅蟻藥(螞蟻藥), 老鼠藥, 虼蚤藥(跳蚤藥), 風油精.					葉劍飛, 关彳山	2019	5	18					叫賣	spoken	
高壓鍋<Ŋ=cmn>, 煤氣竈<Ŋ=cmn>, 熱水器<Ŋ=cmn>, 洗衣機, 清理<Ŋ=cmn> 油煙機<Ŋ=cmn>.					葉劍飛	2020	11	9					叫賣	spoken	
炸彈[za53-lang242] 蜀[soh33](一) 粒[lak5] 蜀[soh33](一) 粒[lak5] 逿[doung53](掉) 下[ia242] 來[li53].					关彳山	2007	5	29						spoken	
汝[ny33](你) 是{偍,伓是}(是不是)[sing53-nei242] 福州[huk21-ziu55] 其[i53](的) 吓[a0](啊).					关彳山	2007	5	29						spoken	
春聯 𦾳(掉) 去(了).					hf万物@QQ	2020	9	24						spoken	
久長<G=giū-dòng> 病<G=bâng> 乇<G=nó̤h> 可<G=kō̤> 食<G=siăh> 藥<G=iŏh> 慢慢<G=mâing-mâing> 調治<G=dièu-dê>.					关彳山	2018	3	3						spoken	
汝[ny33] 安*是[ang53-nei242](是不是) 亂去了[loung213-ngo0-lau33], 總款[zung24-uang33](這種) 事計[dai21-ie213](事) 也會[ie242](也) 做的出[zo21-lik0-couk24](做得出來).					葉修齊	2020	10	5						spoken	
這 隻 儂 生(長得) 三花 喏(似的).			37		关彳山	2020	10	8						spoken	
我 野 厭 這樣款 其 囝.					关彳山	2020	10	20						spoken	
故 儥 捨 去睏. 趕緊 死 去 去睏.					hf万物@QQ	2020	12	14						spoken	
耳耳(耳朵)[ngi21-ngi53] 疼[tiang213].					关彳山	2021	1	20						spoken	
汝 好, 汝 名(叫) 世乇(什麼).			10	fzho,mqig	关彳山	2018	9	20		維基教科書编者. 福州語/會話/第1課[G/OL]. 中文維基教科書, 2018-09-20[2021-01-30]. https://zh.wikibooks.org/w/index.php?title=福州語/會話/第1課%26oldid=123269.	CC BY-SA 3.0			written	plaintext\sentences\汝好汝名世乇.tsv
我 其(的) 名字 號(叫) 𡅏(做).			10	fzho,mqig	关彳山	2018	9	20		維基教科書编者. 福州語/會話/第1課[G/OL]. 中文維基教科書, 2018-09-20[2021-01-30]. https://zh.wikibooks.org/w/index.php?title=福州語/會話/第1課%26oldid=123269.	CC BY-SA 3.0			written	plaintext\sentences\汝好汝名世乇.tsv
熱熱[iek33-iek5] 勢*(的)[die213].				fzho	陳澤平	1998	2			陈泽平. 福州方言研究[M]. 福建人民出版社, 1998: 11.				spoken	
綠綠[nuoh33-nuoh5] 着(的)[luoh24].				fzho	陳澤平	1998	2			陈泽平. 福州方言研究[M]. 福建人民出版社, 1998: 11.				spoken	
急急[gik55-geik24] {咧,勢*}(的)[die213].				fzho	陳澤平	1998	2			陈泽平. 福州方言研究[M]. 福建人民出版社, 1998: 11.				spoken	
刮[goouk24] 囇(一下)[da242].	刮 一 刮.			fzho	陳澤平	1998	2			陈泽平. 福州方言研究[M]. 福建人民出版社, 1998: 11.				spoken	
食(喫)[sieh5] 看[kang213].	喫 喫 看.			fzho	陳澤平	1998	2			陈泽平. 福州方言研究[M]. 福建人民出版社, 1998: 11.				spoken	
鐵[tiek24] {諒,蜀樣}(一樣)[duong242].	鐵 一般.			fzho	陳澤平	1998	2			陈泽平. 福州方言研究[M]. 福建人民出版社, 1998: 11.				spoken	
花花[hua55-hua55] 勢*(的)[lie213].	花花 的.			fzho	陳澤平	1998	2			陈泽平. 福州方言研究[M]. 福建人民出版社, 1998: 11.				spoken	
黃黃[uong33-uong53] 勢*(的)[nie213].	黃黃 的.			fzho	陳澤平	1998	2			陈泽平. 福州方言研究[M]. 福建人民出版社, 1998: 11.				spoken	
覷(瞧)[ceoy213] 囇(一下)[la242].	瞧 瞧.			fzho	陳澤平	1998	2			陈泽平. 福州方言研究[M]. 福建人民出版社, 1998: 11.				spoken	
看[kang213] 囇(一下)[la242].	看 看.			fzho	陳澤平	1998	2			陈泽平. 福州方言研究[M]. 福建人民出版社, 1998: 11.				spoken	
圍[ui53] 𡅏(着)[le33].	圍 着.			fzho	陳澤平	1998	2			陈泽平. 福州方言研究[M]. 福建人民出版社, 1998: 11.				spoken	
拈(拿)[nieng55] 𡅏(着)[ne33].	拿 着.			fzho	陳澤平	1998	2			陈泽平. 福州方言研究[M]. 福建人民出版社, 1998: 11.				spoken	
覷(瞧)[ceoy213] 看[ang213].	瞧 瞧 看.			fzho	陳澤平	1998	2			陈泽平. 福州方言研究[M]. 福建人民出版社, 1998: 11.				spoken	
聽[tiang55] 看[ngang213].	聽 聽 看.			fzho	陳澤平	1998	2			陈泽平. 福州方言研究[M]. 福建人民出版社, 1998: 11.				spoken	
依嬤(阿媽)[m55-ma55].	媽媽.			fzho	陳澤平	1998	2			陈泽平. 福州方言研究[M]. 福建人民出版社, 1998: 14-15.			聲化韻母	spoken	
依媽(阿奶)[m53-ma33].	奶奶.			fzho	陳澤平	1998	2			陈泽平. 福州方言研究[M]. 福建人民出版社, 1998: 14-15.			聲化韻母	spoken	
依奶(阿媽)[n53-ne33].	媽媽.			fzho	关彳山	2010							聲化韻母	spoken	
依奶(阿媽)[ing53-ne33].	媽媽.			fzho	关彳山	2010							聲化韻母	spoken	
依嬤(阿媽)[ing55-ma55].	媽媽.			fzho	陳澤平	1998	2			陈泽平. 福州方言研究[M]. 福建人民出版社, 1998: 14-15.			聲化韻母	spoken	
依媽(阿奶)[ing53-ma33].	奶奶.			fzho	陳澤平	1998	2			陈泽平. 福州方言研究[M]. 福建人民出版社, 1998: 14-15.			聲化韻母	spoken	
伊(他)[n53] 奶(媽)[ne33].	他 媽.			fzho	关彳山	2010								spoken	
伊(他)[n53] 奶(媽)[ne33] 霸霸(𣬠𣬶)[ba21-wa213].	他 媽 個 𣬠𣬶.			fzho	关彳山	2010								spoken	
汝(你)[n24] 奶(媽)[ne33].	你 他 媽.			fzho	关彳山	2010								spoken	
𠚺(肏)<G=sá>[sa213] 伊(他)<G=ĭ>[n53] 奶(媽)<G=nā̤>[ne33].	肏 他 媽.			fzho	关彳山	2010								spoken	
伊(他)<G=ĭ>[n53] 奶(媽)<G=nā̤>[ne33] 我[nguai33] 𠚺(肏)<G=sá>[sa213] .	他 媽 我 肏.			fzho	关彳山	2010								spoken	
𠚺(肏)[sa213] 汝(你)[n24] 奶(媽)[ne33].	肏 你 媽.			fzho	关彳山	2010								spoken	
汝(你)[n24] 奶(媽)[ne33] 我[nguai33] 𠚺(肏)[sa213].	你 媽 我 肏.			fzho	关彳山	2010								spoken	
伊(他)[ing53] 奶(媽)[ne33].	他 媽.			fzho	关彳山	2010								spoken	
伊(他)[ing53] 奶(媽)[ne33] 霸霸(𣬠𣬶)[ba21-wa213].	他 媽 個 𣬠𣬶.			fzho	关彳山	2010								spoken	
汝(你)[yng24] 奶(媽)[ne33].	你 他 媽.			fzho	关彳山	2010								spoken	
𠚺(肏)<G=sá>[sa213] 伊(他)<G=ĭ>[ing53] 奶(媽)<G=nā̤>[ne33].	肏 他 媽.			fzho	关彳山	2010								spoken	
伊(他)<G=ĭ>[ing53] 奶(媽)<G=nā̤>[ne33] 我[nguai33] 𠚺(肏)<G=sá>[sa213] .	他 媽 我 肏.			fzho	关彳山	2010								spoken	
𠚺(肏)[sa213] 汝(你)[yng24] 奶(媽)[ne33].	肏 你 媽.			fzho	关彳山	2010								spoken	
汝(你)[yng24] 奶(媽)[ne33] 我[nguai33] 𠚺(肏)[sa213].	你 媽 我 肏.			fzho	关彳山	2010								spoken	
嗯[n0].	嗯.			fzho	陳澤平	1998	2			陈泽平. 福州方言研究[M]. 福建人民出版社, 1998: 14.			表示同意或聽見	spoken	
嗯[m0].	嗯.			fzho	陳澤平	1998	2			陈泽平. 福州方言研究[M]. 福建人民出版社, 1998: 14.			表示同意或聽見	spoken	
故 是 希望 有 辦法 住 鄉下 𡅏.	還 是 希望 能 住 在 鄉下.				关彳山	2023	11	18						translated	
盡 価 年 前 離家 出走[cuk24-zeu33] 了.	很 多 年 前 離家 出走 了.				关彳山	2023	11	18						translated	
再 做 蜀 回 投票.	再 做 一 次 投票.				关彳山	2023	11	18						translated	
介 做 蜀 回 投票.	再 做 一 次 投票.				关彳山	2023	11	18						translated	
將 兩 隻 諸娘囝 齊 帶 去.	把 兩 個 女兒 一起 帶 走.				关彳山	2023	11	18						translated	
汝 去 西湖 了 未.	你 去 西湖 了 嗎.				关彳山	2023	11	18						translated	
氣 其 聲音 悗 來 悗 大.	氣 的 聲音 越 來 越 大.				关彳山	2023	11	18						translated	
手 𡅏 無 儥記 繼續 挖 番薯.	手 上 不 忘 繼續 挖 番薯.				关彳山	2023	11	18						translated	
手 𡅏 無 儥記 繼續 掘 番薯.	手 上 不 忘 繼續 挖 番薯.				关彳山	2023	11	18						translated	
時間 故 野 価 吓.	時間 還 有 很 多 啊.				关彳山	2023	11	18						translated	
我 拈 去 我 備用帽.	我 拿 了 我 的 備用帽子.				关彳山	2023	11	18						translated	
趕緊 掏 出 來[di53].	趕快 拿 出 來.				关彳山	2023	11	18						translated	
前斗 有 光.	前面 有 光.				关彳山	2023	11	18						translated	
我 掏 十 塊 就 會使.	我 拿 十 塊 就 好.				关彳山	2023	11	18						translated	
這 芘 地方 看 起 去 儥 呆 吓.	這 地點 看 起 來 不 錯 啊.				关彳山	2023	11	18						translated	
做蜀下 講 儥 出 話.	一時之間 說 不 出 話.				关彳山	2023	11	18						translated	
維持 生活 開銷 吓 儥 容易 吓.	維持 生活 開銷 啊 不 容易 啊.				关彳山	2023	11	18						translated	
兩邊手 拈 起 螢幕.	雙手 拿 起 螢幕.				关彳山	2023	11	18						translated	
佪 汝 嚽 是 塞 着 俤 蜀 關 了.	那 你 這 是 卡 在 哪 一 關 了.				关彳山	2023	11	18						translated	
討 死 吧, 者 儂.	找 死 吧, 這 人.				关彳山	2023	11	18						translated	
介 伓 行 就 儥 赴 去了 哇.	再 不 走 就 來不及 了.				关彳山	2023	11	18						translated	
者 厝 也 是 貸款 買 來 的.	這 房子 也 是 貸款 買 來 的.				关彳山	2023	11	18						translated	
透底 無 蜀 日 閑 下來.	從 沒 有 一 天 空閑 下來.				关彳山	2023	11	18						translated	
蜀 盒 八百八.	一 盒 八百八.				关彳山	2023	11	18						translated	
我 是 暝晡 去 其.	我 是 晚上 去 的.				关彳山	2023	11	18						translated	
謝謝 噢.	謝謝 哦.				关彳山	2023	11	18						translated	
外媽 行動 故 算 順利.	外婆 行動 還 算 順利.				关彳山	2023	11	18						translated	
正是 正是 正是, 無賺 無賺 無賺.	是 是 是, 對 對 對.				关彳山	2023	11	18						translated	
蜀 滴 都 無 該 有 的 禮貌.	一 點 都 沒有 該 有 的 禮貌.				关彳山	2023	11	18						translated	
會 有味 儥?	好玩兒 嗎?				关彳山	2023	11	18						translated	
汝 現刻 野 俊 囉.	妳 現在 好 漂亮.				关彳山	2023	11	18						translated	
馬上 去 邊兜 買 托 我 買 的 藥.	馬上 去 旁邊 買 托 我 買 的 藥.				关彳山	2023	11	18						translated	
佪 故 好 去, 遘 時候 我 一定 提前 告訴 汝.	那 太 棒 了, 到 時候 我 一定 提前 告訴 你.				关彳山	2023	11	18						translated	
伊大啼去來.	他痛哭起來.				关彳山	2023	11	18						translated	
伊正有發展的空間.	他才有發展的空間.				关彳山	2023	11	18						translated	
由帳篷裏勢傳來尖叫其聲音.	從帳篷內傳來尖叫聲.				关彳山	2023	11	18						translated	
完全儥尊重.	完全不尊重.				关彳山	2023	11	18						translated	
我復逛了蜀輪.	我又逛了一輪.				关彳山	2023	11	18						translated	
外斗雪逿野大.	外面大雪紛飛.				关彳山	2023	11	18						translated	
平常經常有儂請伊對手.	平時常有人請她幫忙.				关彳山	2023	11	18						translated	
等了仂久.	等了一會兒.				关彳山	2023	11	18						translated	
汝可以去海南客佻囇, 許所海很俊.	你可以去海南玩玩, 那裏的海挺漂亮的.				关彳山	2023	11	18						translated	
伊老媽當儥帶, 最後離婚.	妻子受不了, 而選擇離婚.				关彳山	2023	11	18						translated	
伊看見伊敆房間裏.	他看見她在房間裏.				关彳山	2023	11	18						translated	
已經無存在去了.	已不復存在了.				关彳山	2023	11	18						translated	
這邊安全了.	這邊安全了.				关彳山	2023	11	18						translated	
正好敆食飯前後碰着.	剛好在吃飯時遇到.				关彳山	2023	11	18						translated	
行轉來了吓, 我着關門了.	回家啦, 我要關門了.				关彳山	2023	11	18						translated	
儂家去了港口.	我們去了港口.				关彳山	2023	11	18						translated	
汝傒勢着轉去食飯.	妳為什麽要回家吃飯.				关彳山	2023	11	18						translated	
伊聚蜀堆.	他們聚在一起.				关彳山	2023	11	18						translated	
無事計慢慢想.	沒關係慢慢想.				关彳山	2023	11	18						translated	
明旦早頭八點遘十一點其, 汝十一點之前爬起去去做就會使了.	明天早上八點到十一點呢, 你十一點之前起床去做就行.				关彳山	2023	11	18						translated	
先遘公共車站, 趕緊上車.	先到公共車站, 就趕快上車.				关彳山	2023	11	18						translated	
儂家上車.	我們上車.				关彳山	2023	11	18						translated	
故需要時間来放松吓.	還需要時間来放松啊.				关彳山	2023	11	18						translated	
難道汝卜挃伊蜀隻儂煮囫圇厝儂其飯?	難道妳要他一個人煮全家人的飯?				关彳山	2023	11	18						translated	
買這本書.	買這本書.				关彳山	2023	11	18						translated	
之前欠的錢故未填完去吓.	之前欠的錢還沒還完.				关彳山	2023	11	18						translated	
故是好遘尾服務生故會幫我送來.	幸好後來服務生還幫我送來.				关彳山	2023	11	18						translated	
總款故會使吓.	這樣都可以啊.				关彳山	2023	11	18						translated	
實際拈遘以後.	實際拿到以後.				关彳山	2023	11	18						translated	
伊着自家決定去俤所.	他需要是自己決定要去哪裏.				关彳山	2023	11	18						translated	
開始想搬轉鄉下住.	開始想搬回鄉下住.				关彳山	2023	11	18						translated	
我見覺應該搭飛機去, 到許所以後討蜀芘酒店, 想自駕遊遘許所正租車.	我覺得應該坐飛機去, 到那之後找個酒店, 想自駕遊到那再租車.				关彳山	2023	11	18						translated	
蜀番敆殼以後伊回遘厝𡅏.	一番折騰後她回到家裏.				关彳山	2023	11	18						translated	
故 有 野 価 貸款 着 還[heing53] 啦.	還 有 很 多 貸款 要 還 吶.				关彳山	2023	11	18						translated	
取遘有效的工作證明.	取得有效之工作證明.				关彳山	2023	11	18						translated	
好的, 儂家齊去存錢.	好的, 我們一起存錢.				关彳山	2023	11	18						translated	
開蜀間工廠.	開了間工廠.				关彳山	2023	11	18						translated	
㑚是蜀塊容易碎的玻璃就是了哇.	只是一塊易碎的玻璃罷了.				关彳山	2023	11	18						translated	
儥[ma242] 恰[kak21] 確定[kouk55-deing242] 汝[ny33] 講[goung33] 的[nik0] 是[sei242] 俤隻[die53-ieh24].	不 太 確定 你 講 的 是 哪個.				关彳山	2023	11	18						translated	
今旦暝晡有宴會.	今天晚上有宴會.				关彳山	2023	11	18						translated	
儥遘因爲總款滑倒.	不會因此滑倒.				关彳山	2023	11	18						translated	
討了蜀家烤牛舌的店.	找了一家烤牛舌店.				关彳山	2023	11	18						translated	
身上受遘重重蜀擊.	身上受到重重一擊.				关彳山	2023	11	18						translated	
故是念念不忘汝的身影.	仍念念不忘你的身影.				关彳山	2023	11	18						translated	
今年暝所有的活動都結束去了.	今年所有的活動都結束啦.				关彳山	2023	11	18						translated	
討 蜀 芘 地方 食[sieh21] 咖啡[ka55-wi55].	找 地方 要 喝 咖啡.				关彳山	2023	11	18						translated	
繼續向懸頂行.	繼續往上走.				关彳山	2023	11	18						translated	
儥仈卜開拍了.	不知道要開拍了.				关彳山	2023	11	18						translated	
今旦 我 去 上班 嚇, 差[cia55] 仂滴[lik53-deik24] 乞[keoyk53] 儂[leoyng53] 碰[pooung213] 去[o0].	今天 上班, 我 差 點 被 人 撞 到.				关彳山	2023	11	18						translated	
汝確定?	你確定?				关彳山	2023	11	18						translated	
算 去, 有 仂滴 遠, 故是 屈[keoyk24] 厝 𡅏 點 外賣.	算 了 吧, 有 點 遠, 還是 在 家 點 外賣 吧.				关彳山	2023	11	18						translated	
我故以為無電.	我還以為沒電.				关彳山	2023	11	18						translated	
我故㑚漢沒電.	我還以為沒電.				关彳山	2023	11	18						translated	
親儥親, 故鄉儂.	親不親, 故鄉人.				关彳山	2023	11	18						translated	
這所有蜀兜樹.	這裏有棵樹.				关彳山	2023	11	18						translated	
上晝有閑無?	上午有空嗎?				关彳山	2023	11	18						translated	
正儥再會儥記.	才不再會忘記.				关彳山	2023	11	18						translated	
附近無適合的醫院.	附近沒有適合的醫院.				关彳山	2023	11	18						translated	
若夥錢, 會好使儥?	多少錢, 好用嗎?				关彳山	2023	11	18						translated	
纜車分兩段.	纜車分成兩段.				关彳山	2023	11	18						translated	
這蜀楞柴板都爛去了.	這塊木板都爛了.				关彳山	2023	11	18						translated	
不是群裏勢發的消息吓.	不是群裏發的消息.				关彳山	2023	11	18						translated	
放解緊張的情緒.	抒解緊張的情緒.				关彳山	2023	11	18						translated	
借兩萬錢乞伊應急.	借兩萬塊給她應急.				关彳山	2023	11	18						translated	
去洗溫泉.	去洗溫泉.				关彳山	2023	11	18						translated	
會使, 回頭有行汝聯繫我.	可以, 回頭去的時候你聯繫我.				关彳山	2023	11	18						translated	
汝拍算去俤座山?	你打算去哪個山?				关彳山	2023	11	18						translated	
從來無見過面.	從未見過面.				关彳山	2023	11	18						translated	
就買好仂滴乞伲囝哥食吧.	就買好一點的給孩子吃吧.				关彳山	2023	11	18						translated	
看 遘 有 嘻佪 汝 就是 行 裡 去.	看 到 有 那個 你 就 進 去.				关彳山	2023	11	18						translated	
就是看儥慣伊.	就是看不慣他.				关彳山	2023	11	18						translated	
公司生產其產品.	公司生產的產品.				关彳山	2023	11	18						translated	
就開始等放假了.	就開始等放假啦.				关彳山	2023	11	18						translated	
伊透底都會仈.	他一向都知道.				关彳山	2023	11	18						translated	
㑚有無聲其目滓.	只有無聲的淚.				关彳山	2023	11	18						translated	
我發現我儥記號碼牌.	我發現我忘了號碼牌.				关彳山	2023	11	18						translated	
儂家各儂今旦行去去泅吧?	那我們今天去遊泳吧?				关彳山	2023	11	18						translated	
去鄉下𡅏煮飯.	到了鄉下燒飯.				关彳山	2023	11	18						translated	
保證會乞利息.	保證會給利息.				关彳山	2023	11	18						translated	
但是祭竈這芘音噢, 就野像蜀芘咒語.					关彳山	2023	11	18						written	
無儂會使經過這所!	沒有人可以經過這裏!				关彳山	2023	11	18						translated	
人類比伊各儂想像中友善.	人類比他們想像中友善.				关彳山	2023	11	18						translated	
噢! 都是我喜歡吃的. 噢! 我有食.	哇! 都是我喜歡吃的. 哇! 我要吃.				关彳山	2023	11	18						translated	
頂適合汝的, 價格也實惠.	挺適合你的, 價格也實惠.				关彳山	2023	11	18						translated	
去做天下所有事際.	去做天下所有事.				关彳山	2023	11	18						translated	
我見覺講這種話的儂都是歞囝, 儂家辛辛苦苦努力學習, 再考上好大學, 復就是因為儂家相信知識改變命運. 小鎮做題家, 完完全全的否定了儂家的努力.	我覺得說這種話的人都是傻屄, 我們辛辛苦苦努力學習, 再考上好大學, 不就是因為我們相信知識改變命運. 小鎮做題家, 完完全全地否定了我們的努力.				关彳山	2023	11	18						translated	
我每蜀工算廿塊乞汝會使儥.	我一天算二十塊給妳好不好.				关彳山	2023	11	18						translated	
坐敆休息室裏勢休息.	坐在休息室裏面休息.				关彳山	2023	11	18						translated	
儂家各儂着遘四點鐘以後交貨.	我們要到四點以後交貨.				关彳山	2023	11	18						translated	
伊 屈[keoyk24] 許所 淡淡 的 笑 去.	她 淡淡 笑.				关彳山	2023	11	18						translated	
我無辦法行回頭路囉.	我不能走回頭路了.				关彳山	2023	11	18						translated	
遘了該上小學其年齡了.	到了該上小學的年紀時.				关彳山	2023	11	18						translated	
快來食鉤.	趕快來吃鉤.				关彳山	2023	11	18						translated	
汝各儂前斗搬來搬去.	你們之前搬來搬去.				关彳山	2023	11	18						translated	
嚽是伓是蜀隻笑話.	這是不是個笑話.				关彳山	2023	11	18						translated	
我甚至故帶了這隻卜乞汝看.	我甚至還帶了這個要給你看.				关彳山	2023	11	18						translated	
我是汝嬤.	我是妳的媽媽.				关彳山	2023	11	18						translated	
就是等消息蜀出.	就等消息一出.				关彳山	2023	11	18						translated	
留一些錢需要前後比較方便.	留些錢需要時比較方便.				关彳山	2023	11	18						translated	
汝會仈賺去吓.	你知道錯了啊.				关彳山	2023	11	18						translated	
四包暖暖包都使上了.	四包暖暖包都用上了.				关彳山	2023	11	18						translated	
伊幾乎無辦法呼吸.	她幾乎無法呼吸.				关彳山	2023	11	18						translated	
但是天氣野好無逿雪.	但是天氣很好沒有下雪.				关彳山	2023	11	18						translated	
過野𣆯, 伊正慢慢由傷痛恢復.	經過很久, 她才漸漸從傷痛恢復.				关彳山	2023	11	18						translated	
總是生無蜀時會意去.	總是恍然大悟.				关彳山	2023	11	18						translated	
由小帶敆身𡅏手鐲.	從小帶在身上的手鐲.				关彳山	2023	11	18						translated	
乞 俤儂[deo55-eoyng53] 我 無 意見 吓.	給 誰 我 沒有 意見 啊.				关彳山	2023	11	19						translated	
乞 俤儂 我 都 無 意見 吓.	給 誰 我 都 沒有 意見 啊.				关彳山	2023	11	19						translated	
我對伊野禮貌.	我對他很禮貌.				关彳山	2023	11	19						translated	
終於見遘汝了.	終於見到你了.				关彳山	2023	11	19						translated	
見遘汝了.	終於見到你了.				关彳山	2023	11	19						translated	
伓想踏裏竈前.	不想踏入廚房.				关彳山	2023	11	19						translated	
廿四歲前後化療共插管.	二十四歲時化療插管.				关彳山	2023	11	19						translated	
買 生[ciang55] 其 巧克力<Ŋ=cmn>.	買 了 生巧克力.				关彳山	2023	11	19						translated	
伊是我郎罷.	他是我父親.				关彳山	2023	11	19						translated	
汝都這滿大了.	妳都這麼大了.				关彳山	2023	11	19						translated	
賣[ma242] 待[lai242] 由[iu53] 伊[i53] 郎罷[noung21-ma242] 許所[hing53-neo33] 繼承[gi55-ling53] 其[ngi0] 三[sang21] 分[ung53] 地[nei242].	賣 掉 從 父親 那里 繼承 的 三 分 地.				关彳山	2023	11	19						translated	
囫圇身都野痛.	全身都好痛.				关彳山	2023	11	19						translated	
儂家㑚有四隻儂.	我們只有四個人.				关彳山	2023	11	19						translated	
我自家處理好了.	我自己處理好了.				关彳山	2023	11	19						translated	
我自家處理好去.	我自己處理好了.				关彳山	2023	11	19						translated	
我自家處理完去.	我自己處理完了.				关彳山	2023	11	19						translated	
着去自家該去的地方.	要去自己該去的地方.				关彳山	2023	11	19						translated	
簡單仂囝講去.	簡單來說.				关彳山	2023	11	19						translated	
各儂着上山去飯店𡅏.	他們要上山回飯店.				关彳山	2023	11	19						translated	
無賺, 我現在已經對伊無任何的好感, 甚至開始討厭了.	沒錯, 我現在已經對他沒有任何好感了, 甚至開始厭惡了.				关彳山	2023	11	19						translated	
可以多趁仂滴.	可以多賺一些.				关彳山	2023	11	19						translated	
慢慢哩體力就恢復去了.	漸漸恢復體力.				关彳山	2023	11	19						translated	
從來[zyng55-nai53] 無有[mo21-ou242] 想 過 這 隻 問題.	從來 沒有 想 過 這 個 問題.				关彳山	2023	11	19						translated	
人生就是蜀隻儂的生活.	人生就是一個人的生活.				关彳山	2023	11	19						translated	
人生就是蜀隻儂其生活.	人生就是一個人的生活.				关彳山	2023	11	19						translated	
幾乎吓都無世乇儂可以跟𡅏伊去.	幾乎沒有人可以跟上.				关彳山	2023	11	19						translated	
烏的頭髮吓, 都變白頭髮去.	黑髮, 變成白髮.				关彳山	2023	11	19						translated	
我嬤帶我看醫生.	我媽帶我去看醫生.				关彳山	2023	11	19						translated	
看起來比去年暝少.	看起來比去年少.				关彳山	2023	11	19						translated	
看起去比去年暝少.	看起來比去年少.				关彳山	2023	11	19						translated	
汝好好照顧自家.	妳好好照顧自己.				关彳山	2023	11	19						translated	
汝好好看顧自家.	妳好好照顧自己.				关彳山	2023	11	19						translated	
去學校邊兜許蜀間店𡅏, 汝去食?	去學校旁那家, 你吃嗎?				关彳山	2023	11	19						translated	
去學校邊兜許蜀間店𡅏, 有食無?	去學校旁那家, 你吃嗎?				关彳山	2023	11	19						translated	
十幾年研究的成果吓.	十幾年來的研究成果啊.				关彳山	2023	11	19						translated	
十幾年研究其成果.	十幾年來的研究成果.				关彳山	2023	11	19						translated	
有更多的話想講.	有更多話想說.				关彳山	2023	11	19						translated	
有故価話卜講.	有更多話想說.				关彳山	2023	11	19						translated	
公車等伊發車.	公車等他發車.				关彳山	2023	11	19						translated	
公交等伊發車.	公交等他發車.				关彳山	2023	11	19						translated	
買了兩包蜂蜜卵糕.	買了兩包蜂蜜蛋糕.				关彳山	2023	11	19						translated	
我已經討汝各儂討野𣆯去了.	我已經找你們找了好久.				关彳山	2023	11	19						translated	
我討汝各儂討野𣆯去了.	我已經找你們找了好久.				关彳山	2023	11	19						translated	
各位開車的同學着小心吓.	各位開車的同學小心.				关彳山	2023	11	19						translated	
各位開車其同學着細膩吓.	各位開車的同學小心.				关彳山	2023	11	19						translated	
表弟的老媽.	表弟的老婆.				关彳山	2023	11	19						translated	
表弟其老媽.	表弟的老婆.				关彳山	2023	11	19						translated	
腹老咕嚕咕嚕叫.	肚子咕嚕咕嚕叫.				关彳山	2023	11	19						translated	
其他儂都敆𡅏忙.	其他人都在忙.				关彳山	2023	11	19						translated	
故着追加十幾分鐘.	還要追加十幾分鐘.				关彳山	2023	11	19						translated	
故着介加十幾分鐘.	還要追加十幾分鐘.				关彳山	2023	11	19						translated	
故着再加十幾分鐘.	還要追加十幾分鐘.				关彳山	2023	11	19						translated	
汝想去俤蜀芘比較好的地方嗎?	你想要到一個比較好的地方嗎?				关彳山	2023	11	19						translated	
汝想去俤蜀芘比較好其地方無?	你想要到一個比較好的地方嗎?				关彳山	2023	11	19						translated	
出站以後㑚有熱的水𡅏.	出站後只有熱水.				关彳山	2023	11	19						translated	
出站以後㑚有熱其水𡅏.	出站後只有熱水.				关彳山	2023	11	19						translated	
暝晡儥孤單.	夜晚不會孤單.				关彳山	2023	11	19						translated	
俤儂講的噢? 汝講的大概是講汝自家吓?	誰說的? 你說的那是你自己吧?				关彳山	2023	11	19						translated	
俤儂講其? 汝講其是汝自家吧?	誰說的? 你說的那是你自己吧?				关彳山	2023	11	19						translated	
工作可能會拍逿去.	可能會失去工作.				关彳山	2023	11	19						translated	
緊張其情緒.	緊張的情緒.				关彳山	2023	11	19						translated	
這芘是舊其平臺.	這個是舊平臺.				关彳山	2023	11	19						written	
總款吓.	這樣啊.				关彳山	2023	11	19						written	
{沒,無} 賺.	沒 錯.				关彳山	2023	11	19						written	
我由這所開起其.	我從這裏打開的.				关彳山	2023	11	19						written	
回* 新 其 平臺 敆 俤所.	那 新 的 平臺 在 哪.				关彳山	2023	11	19						written	
仱纏去, 我敆舊其平台做了野価.					关彳山	2023	11	19						written	
我去汝發其新其覷蜀覷.					关彳山	2023	11	19						written	
心𡅏故是過於心虛.	心底仍過於心虛.				关彳山	2023	11	19						translated	
汝等仂久介轉來就好了.	你等一下再回來就好了.				关彳山	2023	11	19						translated	
有海, 野俊其.	有海, 非常漂亮的.				关彳山	2023	11	19						translated	
十分的緊張.	十分緊張.				关彳山	2023	11	19						translated	
盡去野緊張.	十分緊張.				关彳山	2023	11	19						translated	
做出行動.	做出行動.				关彳山	2023	11	19						translated	
這蜀架車野貴吓, 故會載騎電動車.	這車真貴啊, 還不如騎電動車呢.				关彳山	2023	11	19						translated	
利潤也儥算懸.	利潤也不算高.				关彳山	2023	11	19						translated	
百貨公司看看.	百貨公司看看.				关彳山	2023	11	19						translated	
百貨公司看蜀看.	百貨公司看看.				关彳山	2023	11	19						translated	
百貨公司看囇.	百貨公司看看.				关彳山	2023	11	19						translated	
廣告也恰価去.	廣告也太多了吧.				关彳山	2023	11	19						translated	
也可以總款操作, 安排蜀下.	還能這樣操作, 安排一下.				关彳山	2023	11	19						translated	
故會使總款操作, 安排蜀下.	還能這樣操作, 安排一下.				关彳山	2023	11	19						translated	
旁邊儂講搞買賣野好趁.	旁邊的人在說買賣很好賺.				关彳山	2023	11	19						translated	
旁邊儂講做買賣野好趁.	旁邊的人在說買賣很好賺.				关彳山	2023	11	19						translated	
感覺可以住蜀日.	感覺可以住一天.				关彳山	2023	11	19						translated	
見覺可以住蜀日.	感覺可以住一天.				关彳山	2023	11	19						translated	
儂家決定行落山.	我們決定走下山.				关彳山	2023	11	19						translated	
儂家 㑚 環[uang53] 仂仂囝.	我們 逛 了 一點點.				关彳山	2023	11	19						translated	
汝俤所來其錢買嚽去?	你怎麼會有錢買這個?				关彳山	2023	11	19						translated	
儂家着趕去厄運!	我們要趕走厄運!				关彳山	2023	11	19						translated	
真的是有八七分像.	真的是有八七分像.				关彳山	2023	11	19						translated	
真其是有八七分像.	真的是有八七分像.				关彳山	2023	11	19						translated	
拈着裝錢其紙袋.	拿著裝錢的紙袋.				关彳山	2023	11	19						translated	
拈𡅏裝錢其紙袋.	拿著裝錢的紙袋.				关彳山	2023	11	19						translated	
我故㑚漢是世乇重要其事際.	我以為是什麽重要的事.				关彳山	2023	11	19						translated	
敆 駕校 乞 教練 罵, 共 汝 冇講 乞 汝 㞢笑[ci53-ciu213], 我 服[huk5] 了[dau0].	在 駕校 被 教練 罵, 和 你 聊天 被 你 嘲諷, 我 服 了.				关彳山	2023	11	19						translated	
回* 汝 就 選 適合 敏感肌, 適合 用 的, 假使 儥 仈 選, 汝 就 討 蜀 討 最近 比較 熱門 的 口紅, 買 蜀 支 送 伊 也 可以.	那 你 就 選 適合 敏感肌, 適合 用 的, 要 是 再 不會 選, 你 就 找 找 最近 比較 熱門 的 口紅, 買 一 支 送 她 也 可以.				关彳山	2023	11	19						translated	
回* 汝 就 揀 適合 敏感肌 使 其, 假使 儥 仈 揀, 汝 就 討 蜀 討 這幫 比較 行時 其 口紅, 買 蜀 支 送 伊 也 會使.	那 你 就 選 適合 敏感肌 用 的, 要 是 再 不 會 選, 你 就 找 找 最近 比較 熱門 的 口紅, 買 一 支 送 她 也 可以.				关彳山	2023	11	19						translated	
前蜀禮拜開始躃健身房.	上周開始跑健身房.				关彳山	2023	11	19						translated	
前蜀禮拜開始有去健身房.	上周開始跑健身房.				关彳山	2023	11	19						translated	
我開始無法相信自家.	我開始無法相信自己.				关彳山	2023	11	19						translated	
我開始無辦法相信自家.	我開始無法相信自己.				关彳山	2023	11	19						translated	
蔣講者目睭啼𡅏這滿腫.	怎麽眼睛哭的那麽腫.				关彳山	2023	11	19						translated	
決定向依嬤借仂囝錢攖身邊.	決定向媽媽拿些錢放在身邊.				关彳山	2023	11	19						translated	
伊也蜀樣深受感動.	他也一樣深受感動.				关彳山	2023	11	19						translated	
伊也同蜀樣野感動.	他也一樣深受感動.				关彳山	2023	11	19						translated	
伊也同樣野感動.	他也一樣深受感動.				关彳山	2023	11	19						translated	
作業 都 做 完 後[hau242]，伊 行 遘 客廳 𡅏.	當 功課 都 做 完 後, 她 走 到 客廳.				关彳山	2023	11	19						translated	
謝謝這蜀芘朋友.	謝謝這位朋友.				关彳山	2023	11	19						translated	
謝謝這蜀隻朋友.	謝謝這位朋友.				关彳山	2023	11	19						translated	
故有十幾隻着上車.	還有十幾個人要上車.				关彳山	2023	11	19						translated	
必須吓.	必須的啊.				关彳山	2023	11	19						translated	
伊也野大聲屈𡅏啼嘛吓.	她也放聲大哭.				关彳山	2023	11	19						translated	
汝各儂着看好伊吓.	你們要看好他.				关彳山	2023	11	19						translated	
騙父母考書其成績故無呆.	騙父母考試成績不錯.				关彳山	2023	11	19						translated	
會使, 汝先看蜀看.	好的, 你先看看.				关彳山	2023	11	19						translated	
廣大其世界上.	廣大的世界上.				关彳山	2023	11	19						translated	
廣大其世界懸頂.	廣大的世界上.				关彳山	2023	11	19						translated	
面 懸頂 野 価 皺紋[zau55-muong53] 吓.	臉 上 好 多 皺紋.				关彳山	2023	11	19						translated	
我野想買吓.	我挺想買的.				关彳山	2023	11	19						translated	
伊也控制我其命吓.	他也操縱了我的生命.				关彳山	2023	11	19						translated	
儂家養伊長大遘現在.	我們養他長大到現在.				关彳山	2023	11	19						translated	
這芘過道連起去.	這個走道連起來.				关彳山	2023	11	19						translated	
許滿早吓, 有仂囝爬儥起, 故想賴鋪𡅏.	那麽早啊，有點起不來，想睡懶覺呢.				关彳山	2023	11	19						translated	
復 送 兩 杯 咖啡[ka55-wi55].	又 送 兩 杯 咖啡.				关彳山	2023	11	19						translated	
鋪陳的野好.	鋪陳得很好.				关彳山	2023	11	19						translated	
有更好其學員共校友.	有更好的學員與校友.				关彳山	2023	11	19						translated	
有故好其學員共校友.	有更好的學員與校友.				关彳山	2023	11	19						translated	
角色情緒的處理的也無呆.	角色情緒處理的也很不錯.				关彳山	2023	11	19						translated	
角色其情緒處理的也無呆.	角色情緒處理的也很不錯.				关彳山	2023	11	19						translated	
伊各儂敆許所工作.	他們在那里工作.				关彳山	2023	11	19						translated	
𩩍𡅏都是嚴重的傷痕.	背上都是嚴重的傷痕.				关彳山	2023	11	19						translated	
暗摸摸其地方.	伸手不見五指的地方.				关彳山	2023	11	19						translated	
就是, 能回仂囝本就少損失仂囝.	就是, 能回點本就少虧點.				关彳山	2023	11	19						translated	
一般 的 儂 應該當 看 過 都 無[mo53] 盡 熟悉.	一般 人 應該 都 不 很 熟悉.				关彳山	2023	11	19						translated	
一般 其 儂 應該 看 過 去 都 無[mo53] 盡 熟悉.	一般 人 應該 都 不 很 熟悉.				关彳山	2023	11	19						translated	
簡單講就是時間儥足.	簡單講就是時間不足.				关彳山	2023	11	19						translated	
簡單來講就是時間儥足.	簡單講就是時間不足.				关彳山	2023	11	19						translated	
簡單來講就是時間無夠.	簡單講就是時間不足.				关彳山	2023	11	19						translated	
熱的茶歠起去野爽快.	熱茶喝起來超爽.				关彳山	2023	11	19						translated	
回* 肯定 差 野 大 吓.	那 肯定 差別 很 大 啊.				关彳山	2023	11	19						translated	
討尋職務代理人.	找尋職務代理人.				关彳山	2023	11	19						translated	
汝卜挃牛食肉.	你要牛吃肉.				关彳山	2023	11	19						translated	
都儥仈公車蔣蔣搭.	不知道公車怎麽搭.				关彳山	2023	11	19						translated	
已經囫圇下晝了.	已經一個下午了.				关彳山	2023	11	19						translated	
謝謝大家儂關心.	謝謝大家關心.				关彳山	2023	11	19						translated	
再忙, 也着陪汝齊去加班!	再忙, 也要陪你一起加班!				关彳山	2023	11	19						translated	
介蔣忙, 也着共汝做陣去加班!	再忙, 也要陪你一起加班!				关彳山	2023	11	19						translated	
無可能是伊各儂.	不可能是他們.				关彳山	2023	11	19						translated	
㑚長[na53-luong242] 燈[deing55] 拍[pah24] 懸[geing53] 去[o0] 野[ia21] 漂亮[piu53-luong242].	但是 燈 打 上 去 很 漂亮.				关彳山	2023	11	19						translated	
我女友行路上限是兩點鐘.	我女友走路上限是兩小時.				关彳山	2023	11	19						translated	
我卜共阿媽齊去.	我要和阿嬤一起去.				关彳山	2023	11	19						translated	
屈書店裏勢看書打發時間.	在書店看書打發時間.				关彳山	2023	11	19						translated	
也會使, 㑚是講汝着提前將機票酒店定好.	也可以, 但你要提前把機票酒店給訂好.				关彳山	2023	11	19						translated	
我 也 無 蔣 客佻 CF<Ŋ=en> 了.	我 也是 不 怎麼 玩 CF 了.				关彳山	2023	11	19						translated	
身份證學生證掏出看吓.	身份證或學生證出示一下.				关彳山	2023	11	19						translated	
本來[buong21-nai53] 想[suong33] 爬[ba53] 懸[eing53] 去[o0].	本來 想 爬 上 去.				关彳山	2023	11	19						translated	
聽起去簡直像敆安慰自家.	聽起來簡直像在安慰自己.				关彳山	2023	11	19						translated	
加班費漏去乞我.	加班費漏給我.				关彳山	2023	11	19						translated	
城市其生活真其野方便吓.	城市的生活非常方便.				关彳山	2023	11	19						translated	
轉來帶伲囝哥吧.	回來帶小孩吧.				关彳山	2023	11	19						translated	
靈魂會儥承受寂寞.	靈魂能否承受寂寞.				关彳山	2023	11	19						translated	
遘時候儂家各儂一定着拍野価野価的相片.	到時候我們一定要拍好多好多照片.				关彳山	2023	11	19						translated	
遘時候儂家一定着𢩅野価相片.	到時候我們一定要拍好多好多照片.				关彳山	2023	11	19						translated	
是伊其, 汝上號看蜀看.	是他的, 你上號看看.				关彳山	2023	11	19						translated	
噯, 我頭也野疼, 我也儥想去相親, 但是無辦法, 厝𡅏逼野緊.	唉, 我也很頭疼, 我也不想去相親, 但是沒有辦法, 家里逼得急.				关彳山	2023	11	19						translated	
這蜀芘價錢吓, 蔣蔣講吓?	這個價錢, 怎麽樣呀?				关彳山	2023	11	19						translated	
現刻有𡅏厝.	現在有了房子.				关彳山	2023	11	19						translated	
睏蜀下就好.	睡一下就好.				关彳山	2023	11	19						translated	
已經接近尾期.	已經接近末期.				关彳山	2023	11	19						translated	
漂流會使吓, 去俤所?	漂流行啊, 去哪里?				关彳山	2023	11	19						translated	
都是有道理其吓.	都是有道理的.				关彳山	2023	11	19						translated	
順帶蜀提.	順帶一提.				关彳山	2023	11	19						translated	
暝晡故會食吓.	晚上還能吃啊.				关彳山	2023	11	19						translated	
有兩條河.	有兩條河流.				关彳山	2023	11	19						translated	
看了兩本野有興趣的書.	看了兩本很有興趣的書.				关彳山	2023	11	19						translated	
店員建議我各儂最好着點這碗蟶湯.	店員建議我們點蟶湯.				关彳山	2023	11	19						translated	
該做世乇.	該做什麼.				关彳山	2023	11	19						translated	
答案都出現敆汝目睭底底𡅏.	答案浮現在妳眼底.				关彳山	2023	11	19						translated	
汝蜀來就卜趕我行.	你一來就要趕我走.				关彳山	2023	11	19						translated	
懸懸𤸬𤸬的.	高高瘦瘦的.				关彳山	2023	11	19						translated	
就講旅行臺中可以伓使朝拜.	就說旅行中可以不用朝拜.				关彳山	2023	11	19						translated	
我故未談戀愛𡅏, 蔣仈世乇食苦哩?	我沒有愛情, 何來吃苦呢?				关彳山	2023	11	19						translated	
我科目二已經考過了, 下蜀禮拜考科目三, 我着好好練車, 爭取蜀把過.	我科目二已經考過了, 下周考科目三, 我要好好練車, 爭取一把過.				关彳山	2023	11	19						translated	
伊各儂會來討儂家.	他們會來找我們.				关彳山	2023	11	19						translated	
坐纜車, 山𡅏雪更大.	坐了纜車, 山上雪更大.				关彳山	2023	11	19						translated	
會使會使, 今旦天比較凊, 汝行出門其前後𡅏衣裳多頌仂囝.	好的好的, 今天天氣比較冷, 出門的時候多穿點衣服.				关彳山	2023	11	19						translated	
落[loh55] 車[ia55] 後[au242] 我[nguai33] 看[kang213] 蜀[loh0] 看[kang213] 錶[biu33].	下 車 後 我 看 了 看 錶.				关彳山	2023	11	19						translated	
我 是 CF<Ŋ=en> 十年 老兵, 雖然講 現刻 無 客佻 了.	我 可是 CF 十年 老兵, 雖然 現在 不 玩 了 吧.				关彳山	2023	11	19						translated	
儥遘 吧, 儥遘 是 S<Ŋ=en> 彎 吧, 嚽 可 是 最 簡單 的.	不會 吧, 不會 是 S 彎 吧, 這 可 是 最 簡單 的.				关彳山	2023	11	19						translated	
儥遘 吧, 儥遘 是 S<Ŋ=en> 彎 吧, 嚽 第一 簡單 吓.	不會 吧, 不會 是 S 彎 吧, 這 可 是 最 簡單 的.				关彳山	2023	11	19						translated	
進行交流共互動的過程中.	進行交流與互動的過程中.				关彳山	2023	11	19						translated	
交流共互動其過程臺中.	進行交流與互動的過程中.				关彳山	2023	11	19						translated	
正是, 所以儂家都注意仂囝, 謹防乞儂騙.	對啊, 所以我們都要注意著點, 謹防被騙.				关彳山	2023	11	19						translated	
正是, 故此儂家都注意仂囝, 莫乞儂騙去.	對啊, 所以我們都要注意著點, 謹防被騙.				关彳山	2023	11	19						translated	
好吓, 傒勢含無蜀時想去古城去了?	好呀, 怎麽突然想去古城了?				关彳山	2023	11	19						translated	
透過策展儂其獨到眼光.	透過策展人的獨到眼光.				关彳山	2023	11	19						translated	
轉我的家鄉看蜀看.	回我的家鄉看看.				关彳山	2023	11	19						translated	
終於忍儥住了.	終於忍不住了.				关彳山	2023	11	19						translated	
到底是忍儥住了.	終於忍不住了.				关彳山	2023	11	19						translated	
展示兩條金項鍊.	展示兩條金項鍊.				关彳山	2023	11	19						translated	
連𡅏三工將伊邁𩩍𡅏.	連續三天背着她.				关彳山	2023	11	19						translated	
者 消息 對 囫圇 厝 儂 來 講 都 野 生驚[ciang55-ngiang55].	對 全家 人 都 是 晴天霹靂 的 消息.				关彳山	2023	11	19						translated	
失去汝的神情.	失去你的神情.				关彳山	2023	11	19						translated	
失去汝其神情.	失去你的神情.				关彳山	2023	11	19						translated	
坐着竈前的門邊.	坐在廚房的門邊.				关彳山	2023	11	19						translated	
坐着竈前其門邊.	坐在廚房的門邊.				关彳山	2023	11	19						translated	
會使[a24-sai33], 儂家[nang21-nga55] 蔣[zuong242] 過[guo213] 去[o0]?	好的, 咱們 怎麽 過 去?				关彳山	2023	11	19						translated	
黃燈其十字路口.	黃燈的十字路口.				关彳山	2023	11	19						translated	
會使, 無問題.	行, 沒問題.				关彳山	2023	11	19						translated	
去[koo213] 頭先[ta21-eing55] 的[nik0] 金庫[ging53-kou213] 許邊[hi21-meing55] 等[ding21] 車[cia55].	去 剛剛 的 金庫 那邊 等 車.				关彳山	2023	11	19						translated	
回* 就好.	那 就 好.				关彳山	2023	11	19						translated	
回* 就 會使.	那 就 好.				关彳山	2023	11	19						translated	
半晡行轉了.	傍晚回來了.				关彳山	2023	11	19						translated	
是儂家的蜀份子.	是我們的一份子.				关彳山	2023	11	19						translated	
二話[ni53-ua242] 都 伓 講 吓, 牽[keing55] 伊 手 𡅏 向 外斗 行.	二話 不 說, 拉 住 她 的 手 往 外 走.				关彳山	2023	11	19						translated	
這 幾 禮拜 真 的 忙 爆[boo213] 去[o0].	這 幾 週 真 的 是 忙 爆 了.				关彳山	2023	11	19						translated	
至少 車 𡅏 有 暖氣.	至少 車 上 有 暖氣.				关彳山	2023	11	19						translated	
行裏以後含無蜀時會看見.	進去後居然遇到.				关彳山	2023	11	19						translated	
儂客 點[deing33] 去[ngo0] 卌三[siek21-sang53] 楞[neing213] 大 其 披薩<Ŋ=cmn>.	客人 點 了 四十三 份 大 披薩.				关彳山	2023	11	19						translated	
會使, 自家 開 車 比較 方便.	可以, 自駕 方便.				关彳山	2023	11	19						translated	
伓驚路遠, 㑚驚志短.	不怕路遠, 就怕志短.				关彳山	2023	11	19						written	
我中意汝.	我喜歡你.				关彳山	2023	11	19						written	
我中意食飯.	我喜歡喫飯.				关彳山	2023	11	19						written	
我最中意客佻手機.	我最喜歡玩手機.				关彳山	2023	11	19						written	
無灠, 無汗, 就無成功其目滓.	沒有口水和汗水, 就沒有成功的淚水.				关彳山	2023	11	19						written	
今旦食粥.	今天喫粥.				关彳山	2023	11	19						written	
嚽是蜀粒西瓜.					关彳山	2022	12	12						written	
這芘正是葡萄.					关彳山	2022	12	12						written	
伊野中意食蘋果.					关彳山	2022	12	12						written	
我是蜀隻儂.					关彳山	2022	12	12						written	
儂家都是地球儂.					关彳山	2022	12	12						written	
汝各儂是俤所儂?					关彳山	2022	12	12						written	
伊各儂是伓是福州儂?					关彳山	2022	12	12						written	
回* 是 蜀 頭 豬.					关彳山	2022	12	12						written	
許 蜀 芘 會使 掏 儥?					关彳山	2022	12	12						written	
這塊 是 南街.					关彳山	2022	12	12						written	
這所 是 蒙古營.					关彳山	2022	12	12						written	
許塊 是 城門.					关彳山	2022	12	12						written	
許所 是 我 厝.					关彳山	2022	12	12						written	
今旦 逿 雨.	今天 下 雨.				关彳山	2023	11	19						written	
自家 讀 囉[lo0] 三 年 高中 白白 着[luoh24](地) 浪費.					关彳山	2023	11	20						translated	
露出仂囝不懷好意的笑.	露出一絲不懷好意的笑.				关彳山	2023	11	24						translated	
我趕忙衝上去買票.	我趕忙衝上去購票.				关彳山	2023	11	24						translated	
行遘這所來.	走到這裏來.				关彳山	2023	11	24						translated	
快仂囝吓, 伊有仂囝肝火熧去了哇.	快點啊, 他有點惱.				关彳山	2023	11	24						translated	
無盡好客佻吓.	不怎麽好玩了.				关彳山	2023	11	24						translated	
新年[sing55-nieng53] 來[li53] 了[lau0]. 我[nguai33] 祝[zeoyk24] 汝[ny33] 身體[sing53-te33] 健康[gyong55-koung55], 吉祥[gik21-suong53] 如意[y21-ei213].					鄭天鐳	2018	2	16						spoken	
新年[sing55-nieng53] 好[ho33].					陸瑩	2018	2	16						spoken	
祝[zeoyk24] 汝[ny33] 身體[sing53-te33] 健康[gyong55-koung55], 萬事[uang53-seoy242] 如意[y21-ei213].					陸瑩	2018	2	16						spoken	
卜[buoh21] 做年[zo55-nieng53] 了[lau0]. 祝[zeoyk24] 先生[sing55-nang55] 身體[sing53-te33] 健康[gyong55-koung55], 萬事[uang53-seoy242] 如意[y21-ei213].					王佳文	2018	2	16						spoken	
新年[sing55-nieng53] 卜[buoh55] 遘[gau213] 了[lau0]. 我[nguai33] 敆[gak5] 這所[zeo53-neo33] 祝[zeoyk24] 先生[sing55-nang55] 身體[sing53-te33] 健康[gyong55-koung55], 萬事[uang53-seoy242] 如意[y21-ei213].					子善	2018	2	16						spoken	
十分鐘[seik21-hung55-njyng55] 時間[si55-gang55] 盡[zing53](很) 快[ka213], 赴々[hou21-lou213](趕) 會[a242](得) 過[guo213](上).					关彳山	2023	11	26						spoken	
