Mindong	Mandarin Trans.	English Trans.	Property	Provider	Year	Month	Day	HH:MM:SS (UTC+8)	ISO 639-6	Speaker ID	Source	Copyright	Tag	Note
講<m=說><g=gōng> 其<m=的><g=gì> 都是<g=dŭ-sê> 賺<m=錯><g=dâng>, 無<m=沒有><g=mò̤> 先生<g=sĕng-săng> 把關<g=bā-guăng>.	說 的 都是 錯 的, 沒有 老師 把關.	Everything said is wrong; there's no teacher to supervise.	spoken	关彳山	2019	10	25		mnhu	3				
伊<g=ĭ> 敆<m=在><g=găk> 裏勢<m=裏面><g=diē-sié>, 錄音間<g=liŏh-ĭng-găng>, 我<g=nguāi> 敆<m=在><g=găk> 外斗<m=外頭><g=ngiê-dāu> 把關<g=bā-guăng>.	他 在 裏面, 錄音間, 我 在 外頭 把關.	She's inside, in the recording studio; I'm outside supervising.	spoken	关彳山	2019	10	25		mnhu	3				
盡<m=很><g=cêng> 無<m=沒><g=mò̤> 面子<g=méng-cṳ̆>.	很 沒 面子.	It's quite embarrassing.	spoken	关彳山	2019	10	25		mnhu	3				
東家<m=主人><g=dŭng-gă> 野<m=真><g=iā> 闊氣<g=kuák-ké>.	主人 真 闊氣.	The host is really generous.	spoken	关彳山	2019	10	25		mnhu	3				
這<g=cī> 落<m=間><g=lŏ̤h> 厝<m=房子><g=chió> 野<m=很><g=iā> 舊<g=gô>.	這 間 房子 很 舊.	This house is very old.	spoken	关彳山	2019	11	16		mnhu	3				
由<m=從><g=iù> 衣裳<m=衣服><g=ĭ-siòng> 其<m=的><g=gì> 袋袋<m=口袋><g=dô̤i-dô̤i> 裏勢<m=裏面><g=diē-sié> 掏<m=拿><g=dò̤> 出<g=chók> 三<g=săng> 楞<m=塊><g=léng> 其<m=的><g=gì> 光番<m=銀圓><g=guŏng-huăng>.	從 衣服 的 口袋 裏面 拿 出 三 塊 銀圓.	He took out three silver coins from the pocket of his clothes.	spoken	关彳山	2019	11	16		mnhu	3				
汝<m=你><g=nṳ̄> 有<g=ô> 掏<m=拿><g=dò̤> 賺<m=錯><g=dâng> 無<m=沒有><g=mò̤>.	你 拿 錯 了 吧.	You must have taken the wrong one.	spoken	关彳山	2019	11	16		mnhu	3				
多<g=dŏ̤> 掏<m=拿><g=dò̤> 乞<m=給><g=ké̤ṳk> 汝<m=你><g=nṳ̄> 錢<g=cièng>.	多 給 你 錢.	You have been given extra money.	spoken	关彳山	2019	11	16		mnhu	3				
汝<m=你><g=nṳ̄> 就<g=cêu> 收<g=siŭ> 下<g=giâ> 吧<g=bá>.	你 就 收 下 吧.	Just accept it.	spoken	关彳山	2019	11	16		mnhu	3				
碰<g=pâung> 着<m=到><g=diŏh> 好儂<m=好人><g=hō̤-nè̤ng> 去<m=了><g=kó̤>.	碰 到 好人 了.	Met a good person!	spoken	关彳山	2019	11	16		mnhu	3				
無<m=不><g=mò̤> 盡<m=太><g=cêng> 在意<g=câi-é>.	不 太 在意.	Don't really care.	spoken	关彳山	2019	11	16		mnhu	3				
蜀<m=一><g=siŏh> 儂<m=人><g=nè̤ng> 分<g=buŏng> 半<g=buáng> 段<m=個><g=dâung>, 扛<g=gŏng> 轉<m=回><g=diōng> 厝<m=家><g=chió> 討<m=找><g=tō̤> 外媽<m=外婆><g=ngiê-mā> 齊<m=一起><g=cà̤> 食<m=喫><g=siăh>.	一 人 分 半 個, 扛 回 家 找 外婆 一起 喫.	Half for one, take it home and eat it with Grandma.	spoken	像子影@Weibo	2019	5	28		mnhu		維基教科書编者. 福州語/常用短語表[G/OL]. 中文維基教科書, 2019-05-28[2019-05-28]. https://zh.wikibooks.org/w/index.php?title=福州語/常用短语表%26direction=next%26oldid=122355.	CC BY-SA 3.0	戲謔	
使<m=要><g=sāi> 汝<m=你><g=nṳ̄> 講<m=說><g=gōng>?	要 你 說?	Who asked for your opinion?	spoken	关彳山	2017				fzho	11				
在<m=隨便><y=zai53> 汝<m=你><y=ny33> 蔣<m=怎麼><y=zuong242> 講<m=說><y=goung33>.	隨便 你 怎麼 說.	Whatever you say.	spoken	关彳山	2020	4	11		fzho	11				
像<m=比方><y=cuong242><g=chiông> 講<m=說><y=goung33><g=gōng>.	比方 說.	For example.	spoken	关彳山					mnhu	3				
躒<m=逛蕩><y=loouk24><g=láuk> 下<m=下去><y=gia242><g=giâ>.	逛 下去.	Go down.	spoken	关彳山	2020	4	12		fzho	30			一般動作	
注意<y=zy53-ei213><g=cê̤ṳ-é> 列車<y=liek5-chia55><g=liĕk-chiă> 共<m=和><y=geoyng242><g=gâe̤ng> 站臺<y=zang33-dai53><g=câng-dài> 之間<y=zi55-gang55><g=cĭ-găng> 其<m=的><y=i53><g=gì> 空<m=空隙><y=keoyng55><g=kĕ̤ng>.	注意 列車 和 站臺 之間 的 空隙.	Pay attention to the gap between the train and the platform.	translated	关彳山	2017				fzho	23			交通	
喙碼<m=嘴巴> 盡<m=很> 甜.	嘴 很 甜.	Very good at sweet-talking.	spoken	晉安梅客@Weibo	2020	4	16		mqig	32				
乍<y=zia213><m=纔> 工作<y=geoyng53-nauk24> 無<y=mo53><m=沒> 偌<y=nuoh24><m=多> 𣆯<y=oung53><m=久>.	纔 工作 沒 多 久.		spoken	关彳山	2020	4	17		mnhu	3				
我<y=nguai33> 無<y=mo55> 行<y=ngiang53>.	我 沒 去 過.		spoken	关彳山	2020	6	5		mnhu	3				
幹勁<y=gang53-geing213> 盡<m=滿><y=zing53> 足<y=zeoyk24>.	幹勁 滿 足 的.		spoken	关彳山	2020	4	17		mnhu	3				
水<m=潮水><y=zy55> 退<y=tooy213> 去<m=了><y=oo0>.	潮水 退 了.		spoken	关彳山	2020	5	3		fzho	33				
𧧏*<y=eo53>. 拍<y=pah53> 死<y=si33>.	哎. 再 鬧 小心 打 死.		spoken	关彳山	2020	5	3		fzho	34				喝止驚犬
介<m=再><y=ge55> 來<y=li53>.	再 來.		spoken	关彳山	2020	6	20		fzho	35				
介<m=再><y=gai55> 來<y=li53>.	再 來.		spoken	关彳山	2020	6	20		mnhu	15				
半桶水<y=buang21-teoyng24-zui33>.	半桶水.		spoken	关彳山	2020	6	20		mnhu	15				
半<y=buang53> 桶<y=teoyng33> 水<y=zui33>.	半 桶 的 水.		spoken	关彳山	2020	6	20		mnhu	15				
粽 着<m=要> 凍<m=涼> 𡅏<m=着> 食<m=喫>.	粽子 要 冷 了 喫.		spoken	关彳山	2020	6	28		fzho	11				
姨 厝<m=家> 雞 生 其<m=的> 卵<m=蛋>.	姨姨 家 的 雞 生 的 蛋.		spoken	五毛@QQ	2020	6	28		fuqi					
姨 生 其 卵.	姨姨 家 的 雞 生 的 蛋.		spoken	五毛@QQ	2020	6	28		fuqi					
無管<m=不管> 汝 去 伓去<m=不去>, 我 還在<m=反正> 都 是 着<m=要> 去.	不管 你 去 不去, 我 反正 都 是 要 去.		spoken	关彳山	2020	7	6		mnhu	15				
晡時雨, 逿 冰雹. 噼里啪啷<typofix=噼哩啪啷> 盡去 响, 做 细 遘 大 頭回 見.	傍晚 強對流天氣, 下 起 了 冰雹. 劈里啪啦 真是 響, 從 小 到 大 未曾 見.		written	李浩博	2020	3	27			36				
今旦 物理 化學 堂 見覺 將<typofix=蔣> 其 呀<typofix=也>. 洋當池, 洋當池, 就是 乇 恰 価 咯<typofix=囉>.	今天 的 物理 化學課 感覺 如何. 還行, 還行, 就是 內容 太 豐滿 了.		written	李浩博	2020	4	16			36				
將<typofix=蔣樣><y=zuong242> 想 遘 我 會 使 投影 其 方法 共<typofix=乞> 阿公 阿媽 敆 B<lan=en> 站 懸頂 看 閩劇.	我 居然 用 投屏 的 辦法 讓 阿公 阿媽 在 B 站 上 欣賞 閩劇 了.		written	李浩博	2020	5	30			36				
因爲 季風 大 做, 直頭 逿 雨, 今年暝 小滿 其 天氣 儥 熱. 夏天 乍 遘, 者 阿蠐 故 未 叫, 荔枝 已經 紅 了.	因為 季風 盛行, 降水 頻繁, 今年 的 小滿 不 算 熱. 夏天 剛 到, 還 沒 聽見 蟬 鳴, 荔枝 已經 熟 得 發 紅 了.		written	李浩博	2020	6	30			36				
野<m=很> 霸<m=厲害>.	很 厲害.		written	刑部Dana	2020	5	19	15:37:35	fzho	25				
正是.	是的.		written	刑部Dana	2020	5	19	15:42:38	fzho	25				
會使.	好的.		written	刑部Dana	2020	5	19	15:44:03	fzho	25				
我 會仈.	我 懂.		written	刑部Dana	2020	5	19	15:52:00	fzho	25				
故 有 仂囝 儥 清楚 其.	還 有 一 點 不 明白.		written	刑部Dana	2020	5	19	15:54:53	fzho	25				
普通話 反查<lan=cmn> 是否<typofix=是伓是><y=sie53-nei242> 㑚 使 查 一<typofix=蜀> 隻 詞?	普通話 反查 是不是 只 需要 查 一 個 詞?		written	刑部Dana	2020	5	19	15:57:36	fzho	25				
我 繁體 野<m=很> 呆<m=差>.	我 繁體 掌握 得 很 差.		written	刑部Dana	2020	5	19	15:58:43	fzho	25				
我 使 嚽 拍 故是 有 問題.	我 用 這個 打 字 還是 有 問題.		written	刑部Dana	2020	5	19	16:00:39	fzho	25				
手機 也 有?!	手機 也 有?!		written	刑部Dana	2020	5	19	16:03:36	fzho	25				
會使.	可以.		written	刑部Dana	2020	5	19	16:06:24	fzho	25				
我 先 去 睏晝, 野 睶 去.	我 先 去 睡 午覺, 很 睏 了.		written	关彳山	2020	5	19	16:02:31	fzho	24				
汝 快<y=ke53> 去<y=oo213> 睏.	你 快 去 睡.		written	刑部Dana	2020	5	19	16:08:39	fzho	25				
我 現在 開始 有 仂囝 摸魚摸蝦.	我 現在 開始 有 一點 茫然.		written	刑部Dana	2020	5	19	16:24:17	fzho	25				
我 等 汝 爬 起 去 汝 講.	我 等 你 起 牀 , 那 時候 你 再 回覆.		written	刑部Dana	2020	5	19	16:25:12	fzho	25				
我 也 儥仈 傒勢, 就是 我 儥 鍾意<typofix=中意> 使 反察<typofix=反查><lan=cmn>.			written	刑部Dana	2020	5	19	16:32:13	fzho	25				
雖然 我 使 嚽 無 許般<y=hi21-wuang55> 習慣.			written	刑部Dana	2020	5	19	16:33:20	fzho	25				
但是 我 使 反察<typofix=反查><lan=cmn> 其 時候 就是 有 仂囝 排斥<lan=cmn>.			written	刑部Dana	2020	5	19	16:34:27	fzho	25				
我 就 敆 𡅏 跇了<typofix=直頭><y=ti53-lau33> 拍, 實在 是拍 儥 出 乍 使 反察<typofix=反查><lan=cmn>.			written	刑部Dana	2020	5	19	16:35:16	fzho	25				
仱 嚽 𡅏 使 嚽 其 時間 野 𣆯…			written	刑部Dana	2020	5	19	16:36:08	fzho	25				
故 有 嚽 𡅏 我 也 儥 仈 我 使 其 字 是偍<typofix=是伓是><y=sie53-nei242> 對<lan=cmn> 其 故 是 賺 其, 反正 我 都 儥仈… 都是 敆 𡅏 摸魚摸蝦 hhh<typofix=哈哈哈>.			written	刑部Dana	2020	5	19	16:38:54	fzho	25				
盡 像 蜀 隻 蜀 兩 歲 其 伲囝哥 敆 𡅏 學 蔣 講 話.			written	刑部Dana	2020	5	19	16:40:59	fzho	25				
我 自家 拍 其 字 我 會仈 是 世乇<y=sieng53-noh24> 意思, 但是 看 別人<typofix=別儂> 我 就 野 吃力<typofix=卸力><y=sia55-lik5> 了.			written	刑部Dana	2020	5	19	16:43:37	fzho	25				
先 伓 共 汝 講 了, 我 跟 汝 講 這般 価 了, 我 野 辛苦……			written	刑部Dana	2020	5	19	16:46:47	fzho	25				
費 頭腦, 野 蒻<y=yok24>.			written	刑部Dana	2020	5	19	16:47:53	fzho	25				
今旦 寫 作文 我 感覺 野 難, 㑚 仂 久 時間 馬上 就 着 交 乞 先生.			written	刑部Dana	2020	5	21	13:14:59	fzho	25				
我 蜀 字 都 寫 儥 出 了.			written	刑部Dana	2020	5	21	13:51:10	fzho	25				
我 野 氣.			written	刑部Dana	2020	5	21	13:51:21	fzho	25				
傒勢 會 總款.	怎麼 會 這樣.		written	刑部Dana	2020	5	21	13:52:27	fzho	25				
我 寫 完 了. 我 野 霸. 我 就是 天才<lan=cmn>.			written	刑部Dana	2020	5	21	15:32:27	fzho	25				
2h<typofix=兩點鍾> 寫 了 3000<typofix=三千> 字.	兩 個 小時 寫 了 三千 字.		written	刑部Dana	2020	5	21	15:32:58	fzho	25				
是, 因爲 我 儥仈 蔣 拚.			written	刑部Dana	2020	5	21	15:34:30	fzho	25				
水 着<m=在> 零下<m=零度以下> 會 結冰.	水 在 零下 會 結冰.		spoken	林文芳	2017				fuqi		范晓蕾. 基于汉语方言的惯常范畴研究[J/OL]. 当代语言学, 2017, 19(4): 573. https://fh.pku.edu.cn/docs/2019-04/20190410152556167231.pdf.			
小明 會 聰明 儥.	小明 聰明 嗎.		spoken	林文芳	2017				fuqi		范晓蕾. 基于汉语方言的惯常范畴研究[J/OL]. 当代语言学, 2017, 19(4): 573. https://fh.pku.edu.cn/docs/2019-04/20190410152556167231.pdf.			
貓 儥<m=不> 驚<m=怕> 老鼠.	貓 不怕 老鼠.		spoken	林文芳	2017				fuqi		范晓蕾. 基于汉语方言的惯常范畴研究[J/OL]. 当代语言学, 2017, 19(4): 573. https://fh.pku.edu.cn/docs/2019-04/20190410152556167231.pdf.			
伊<m=他> 野<m=很> 孝順, 經常 有 去 看 伊 奶.	他 很 孝順, 經常 去 看 他 母親.		spoken	林文芳	2017				fuqi		范晓蕾. 基于汉语方言的惯常范畴研究[J/OL]. 当代语言学, 2017, 19(4): 575. https://fh.pku.edu.cn/docs/2019-04/20190410152556167231.pdf.			
汝<m=你> 厝<m=家> 做年<m=過年> 有 炊<m=蒸> 糖粿<m=年糕> 無<m=沒有>.			spoken	林文芳	2017				fuqi		范晓蕾. 基于汉语方言的惯常范畴研究[J/OL]. 当代语言学, 2017, 19(4): 575. https://fh.pku.edu.cn/docs/2019-04/20190410152556167231.pdf.			
雨 摒 有夠 透, 熱天 會 歇 蜀 歇 了. 暝晡 儥 算 長, 起 風 總算 會 涼 了.	久 暑 逢 時雨, 短 夜 遇 涼 風.		written	李浩博	2020	7	19			36				
汝<m=你><g=nṳ̄><y=ny33> 奶<m=媽><g=nā̤><y=ne33>.			spoken	关彳山					fzho		維基教科書编者. 福州語/詈罵用語[G/OL]. 中文維基教科書, 2019-11-12[2020-08-09]. https://zh.wikibooks.org/w/index.php?title=福州語/詈罵用語%26direction=next%26oldid=128829.	CC BY-SA 3.0	貶義	
汝<m=你><g=nṳ̄><y=ny24> 奶<m=媽><g=nā̤><y=ne33>.			spoken	关彳山					fzho		維基教科書编者. 福州語/詈罵用語[G/OL]. 中文維基教科書, 2019-11-12[2020-08-09]. https://zh.wikibooks.org/w/index.php?title=福州語/詈罵用語%26direction=next%26oldid=128829.	CC BY-SA 3.0	貶義	
伊<m=他><g=ĭ><y=i53> 奶<m=媽><g=nā̤><y=ne33>.			spoken	关彳山					fzho		維基教科書编者. 福州語/詈罵用語[G/OL]. 中文維基教科書, 2019-11-12[2020-08-09]. https://zh.wikibooks.org/w/index.php?title=福州語/詈罵用語%26direction=next%26oldid=128829.	CC BY-SA 3.0	貶義	
伊<m=他><g=ĭ><y=i53> 娘奶<m=媽><g=nòng-nā̤><y=noung33-ne33>.			spoken	关彳山					fzho		維基教科書编者. 福州語/詈罵用語[G/OL]. 中文維基教科書, 2019-11-12[2020-08-09]. https://zh.wikibooks.org/w/index.php?title=福州語/詈罵用語%26direction=next%26oldid=128829.	CC BY-SA 3.0	貶義	
惹<m=肏><g=niā><y=nia21> 汝<m=你><g=nṳ̄><y=ny24> 奶<m=媽><g=nā̤><y=ne33>.			spoken	关彳山					fzho		維基教科書编者. 福州語/詈罵用語[G/OL]. 中文維基教科書, 2019-11-12[2020-08-09]. https://zh.wikibooks.org/w/index.php?title=福州語/詈罵用語%26direction=next%26oldid=128829.	CC BY-SA 3.0	貶義	「惹」語義較「𠚺」輕
鑢<g=ló̤> 汝<g=nṳ̄> 奶<g=nā̤>.			spoken	刑部Dana					fzho	25	維基教科書编者. 福州語/詈罵用語[G/OL]. 中文維基教科書, 2019-11-12[2020-08-09]. https://zh.wikibooks.org/w/index.php?title=福州語/詈罵用語%26direction=next%26oldid=128829.	CC BY-SA 3.0	貶義	
我<y=nguai33><g=nguāi> 𠚺<m=肏><y=sa21><g=sá> 汝<m=你><y=ny24><g=nṳ̄> 奶<m=媽><y=ne33><g=nā̤>.			spoken	关彳山					fzho		維基教科書编者. 福州語/詈罵用語[G/OL]. 中文維基教科書, 2019-11-12[2020-08-09]. https://zh.wikibooks.org/w/index.php?title=福州語/詈罵用語%26direction=next%26oldid=128829.	CC BY-SA 3.0	貶義	
汝<m=你><y=ny24><g=nṳ̄> 奶<m=媽><y=ne33><g=nā̤> 我<y=nguai33><g=nguāi> 𠚺<m=肏><y=sa213><g=sá>.			spoken	关彳山					fzho		維基教科書编者. 福州語/詈罵用語[G/OL]. 中文維基教科書, 2019-11-12[2020-08-09]. https://zh.wikibooks.org/w/index.php?title=福州語/詈罵用語%26direction=next%26oldid=128829.	CC BY-SA 3.0	貶義	
汝<m=你><g=nṳ̄> 奶<m=媽><g=nā̤> 乞<m=被><g=ké̤ṳk> 我<g=nguāi> 𠚺<m=肏><g=sá>.			spoken	关彳山					fzho		維基教科書编者. 福州語/詈罵用語[G/OL]. 中文維基教科書, 2019-11-12[2020-08-09]. https://zh.wikibooks.org/w/index.php?title=福州語/詈罵用語%26direction=next%26oldid=128829.	CC BY-SA 3.0	貶義	
𠚺<m=肏><g=sá><y=sa213> 伊<m=他><g=ĭ><y=i53> 奶<m=媽><g=nā̤><y=ne33>.	肏 你 妈.		spoken	关彳山					fzho		R. S. Maclay, C. C. Baldwin, S. H. Leger. Dictionary of the Foochow Dialect[M]. 3rd ed. 1929: 1439.	CC BY-SA 3.0	貶義	
惹<m=肏><g=niā> 汝<m=你><g=nṳ̄> 大公<m=祖爺爺><g=duâi-gŭng>.	肏 你 大爺.		spoken	关彳山					fzho		維基教科書编者. 福州語/詈罵用語[G/OL]. 中文維基教科書, 2019-11-12[2020-08-09]. https://zh.wikibooks.org/w/index.php?title=福州語/詈罵用語%26direction=next%26oldid=128829.	CC BY-SA 3.0	貶義	
惹<m=肏><g=niā> 汝<m=你><g=nṳ̄> 大嬤<m=祖奶奶><g=duâi-mā>.	肏 你 奶奶.		spoken	关彳山					fzho		維基教科書编者. 福州語/詈罵用語[G/OL]. 中文維基教科書, 2019-11-12[2020-08-09]. https://zh.wikibooks.org/w/index.php?title=福州語/詈罵用語%26direction=next%26oldid=128829.	CC BY-SA 3.0	貶義	
漱<g=sók> 螺鳥<m=𣬠𣬶><g=lòi-iū>.	舔 我 𣬠𣬶.		spoken	关彳山					mqig		維基教科書编者. 福州語/詈罵用語[G/OL]. 中文維基教科書, 2019-11-12[2020-08-09]. https://zh.wikibooks.org/w/index.php?title=福州語/詈罵用語%26direction=next%26oldid=128829.	CC BY-SA 3.0	貶義	
做<m=搞><g=có̤><y=zoo213> 世乇<m=什麼><g=sié-nó̤h><y=sie53-nooh24> 霸霸<m=𣬠𣬶><g=bá-bá><y=ba21-wa213>.			spoken	关彳山					fzho		維基教科書编者. 福州語/詈罵用語[G/OL]. 中文維基教科書, 2019-11-12[2020-08-09]. https://zh.wikibooks.org/w/index.php?title=福州語/詈罵用語%26direction=next%26oldid=128829.	CC BY-SA 3.0	貶義	
龍眼<m=㞗><g=lèng-ngēng>.	蛋蛋.		spoken	关彳山					fzho		維基教科書编者. 福州語/詈罵用語[G/OL]. 中文維基教科書, 2019-11-12[2020-08-09]. https://zh.wikibooks.org/w/index.php?title=福州語/詈罵用語%26direction=next%26oldid=128829.	CC BY-SA 3.0	貶義	不及「霸霸」粗鄙
做<g=có̤> 世乇<g=sié-nó̤h> 龍眼<g=lèng-ngēng>.	搞 什麼 蛋蛋.		spoken	关彳山					fzho		維基教科書编者. 福州語/詈罵用語[G/OL]. 中文維基教科書, 2019-11-12[2020-08-09]. https://zh.wikibooks.org/w/index.php?title=福州語/詈罵用語%26direction=next%26oldid=128829.	CC BY-SA 3.0	貶義	
做<g=có̤> 汝<g=nṳ̄> 龍眼<g=lèng-ngēng> 事<g=dâi>.			spoken	关彳山					fzho		維基教科書编者. 福州語/詈罵用語[G/OL]. 中文維基教科書, 2019-11-12[2020-08-09]. https://zh.wikibooks.org/w/index.php?title=福州語/詈罵用語%26direction=next%26oldid=128829.	CC BY-SA 3.0	貶義	
仱<g=dāng> 做<g=có̤> 龍眼<g=lèng-ngēng>.	完 㞗 了.		spoken	关彳山					fzho		維基教科書编者. 福州語/詈罵用語[G/OL]. 中文維基教科書, 2019-11-12[2020-08-09]. https://zh.wikibooks.org/w/index.php?title=福州語/詈罵用語%26direction=next%26oldid=128829.	CC BY-SA 3.0	貶義	
做<g=có̤> 骨<g=gáuk>.			spoken	关彳山					fzho		維基教科書编者. 福州語/詈罵用語[G/OL]. 中文維基教科書, 2019-11-12[2020-08-09]. https://zh.wikibooks.org/w/index.php?title=福州語/詈罵用語%26direction=next%26oldid=128829.	CC BY-SA 3.0	貶義	
做<g=có̤> 骨骨<g=gáuk-gáuk>.			spoken	关彳山					fzho		維基教科書编者. 福州語/詈罵用語[G/OL]. 中文維基教科書, 2019-11-12[2020-08-09]. https://zh.wikibooks.org/w/index.php?title=福州語/詈罵用語%26direction=next%26oldid=128829.	CC BY-SA 3.0	貶義	
做<g=có̤> 骨頭<g=gáuk-tàu>.			spoken	关彳山					fzho		維基教科書编者. 福州語/詈罵用語[G/OL]. 中文維基教科書, 2019-11-12[2020-08-09]. https://zh.wikibooks.org/w/index.php?title=福州語/詈罵用語%26direction=next%26oldid=128829.	CC BY-SA 3.0	貶義	
做<g=có̤> 世乇<g=sié-nó̤h> 骨骨<g=gáuk-gáuk>.			spoken	关彳山					fzho		維基教科書编者. 福州語/詈罵用語[G/OL]. 中文維基教科書, 2019-11-12[2020-08-09]. https://zh.wikibooks.org/w/index.php?title=福州語/詈罵用語%26direction=next%26oldid=128829.	CC BY-SA 3.0	貶義	
做<g=có̤> 世乇<g=sié-nó̤h> 骨頭<g=gáuk-tàu>.			spoken	关彳山					fzho		維基教科書编者. 福州語/詈罵用語[G/OL]. 中文維基教科書, 2019-11-12[2020-08-09]. https://zh.wikibooks.org/w/index.php?title=福州語/詈罵用語%26direction=next%26oldid=128829.	CC BY-SA 3.0	貶義	
做<g=có̤> 汝<g=nṳ̄> 骨骨<g=gáuk-gáuk>.			spoken	关彳山					fzho		維基教科書编者. 福州語/詈罵用語[G/OL]. 中文維基教科書, 2019-11-12[2020-08-09]. https://zh.wikibooks.org/w/index.php?title=福州語/詈罵用語%26direction=next%26oldid=128829.	CC BY-SA 3.0	貶義	加「汝」字粗魯過不加
做<g=có̤> 汝<g=nṳ̄> 死儂<g=sī-nè̤ng> 骨骨<g=gáuk-gáuk>.			spoken	关彳山					fzho		維基教科書编者. 福州語/詈罵用語[G/OL]. 中文維基教科書, 2019-11-12[2020-08-09]. https://zh.wikibooks.org/w/index.php?title=福州語/詈罵用語%26direction=next%26oldid=128829.	CC BY-SA 3.0	貶義	粗魯過「做汝骨骨」
汝<g=nṳ̄> 奶<g=nā̤> 無<g=mò̤> 骨骨<g=gáuk-gáuk>.			spoken	关彳山					fzho		維基教科書编者. 福州語/詈罵用語[G/OL]. 中文維基教科書, 2019-11-12[2020-08-09]. https://zh.wikibooks.org/w/index.php?title=福州語/詈罵用語%26direction=next%26oldid=128829.	CC BY-SA 3.0	貶義	
欛欛<m=𣬠𣬶><g=bá-bá> 話<g=uâ>.			spoken	关彳山					fzho		維基教科書编者. 福州語/詈罵用語[G/OL]. 中文維基教科書, 2019-11-12[2020-08-09]. https://zh.wikibooks.org/w/index.php?title=福州語/詈罵用語%26direction=next%26oldid=128829.	CC BY-SA 3.0	貶義	
脧友<m=𣬠𣬶><g=lòi-iū><y=leoy21-iu55> 話<g=uâ><y=ua242>.			spoken	关彳山					fzho		維基教科書编者. 福州語/詈罵用語[G/OL]. 中文維基教科書, 2019-11-12[2020-08-09]. https://zh.wikibooks.org/w/index.php?title=福州語/詈罵用語%26direction=next%26oldid=128829.	CC BY-SA 3.0	貶義	
汝<m=你> 奶<m=媽> 白屁<y=bah21-pei213>.			spoken	葉劍飛	2020	5	27		fzho				貶義	
汝<m=你> 奶<m=媽> 霸霸<m=𣬠𣬶>.			spoken	葉劍飛	2020	5	27		fzho				貶義	
汝<m=你> 奶<m=媽> 姕䫌<m=屄>.	你 媽 個 屄.		spoken	葉劍飛	2020	5	27		fzho				貶義	
汝<m=你><y=ny33> 無<m=沒有> 霸霸囝<m=小𣬠𣬠><y=ba21-wa53-iang33>.			spoken	朱振宇	2020	8	6						貶義	
汝<m=你><y=ny33> 是<y=si21> 我<y=nguai21> 孫<y=soung55>.			spoken	朱振宇	2020	8	6						貶義	
我<y=nguai33> 拍<m=打><y=pah53> 死<y=si33> 汝<m=你><y=ny33> 這<y=zi53> 隻<m=個><y=ieh24> 椷囝<m=崽子><y=ang33-iang33>.			spoken	朱振宇	2020	8	6						貶義	
寝*寝*<m=剛剛好> 犁<m=貼> 三中 裏<m=進> 去.	壓 線 考 進 三中.		spoken	子善	2020	8	19		mnhu					
銇<y=leoy53><m=鑽> 裏<y=lie33><m=進> 去<y=oo0>.	鑽 進 去.		spoken	关彳山	2020	8	20		mnhu	2				
敆<m=在> 厝<m=家> 養<m=帶> 伲囝哥<m=小孩>.			spoken	hf万物@QQ	2020	8	23	18:09:03	ygti					
乞<m=被> 儂<m=人> 𠿁<y=iak24><m=拐> 去.			spoken	hf万物@QQ	2020	8	23	18:21:35		15				
底所<m=哪裏><y=die53-neo33>.			spoken	关彳山	2020	7	17		liji					
乞<m=被> 做<m=搞> 氣<m=生氣> 去<m=了>.			spoken	残蕊芳华@QQ	2020	9	1							
款<m=相貌> 生<m=長得> 盡<m=很> 俊<m=好看>.			spoken	晉安梅客@Weibo	2020	9	14							
頭首 野<m=很> 俊<m=好看>.			spoken	像子影@Weibo	2020	9	14							
做<m=搞><g=có̤><y=zoo213> 世乇<m=什麼><g=sié-nó̤h><y=sie53-nooh24> 螺鳥<m=𣬠𣬶>.			spoken	hf万物@QQ	2020	9	14						貶義	
做<m=搞><g=có̤><y=zoo213> 世乇<m=什麼><g=sié-nó̤h><y=sie53-nooh24> 貓囝<m=東西>.			spoken	hf万物@QQ	2020	9	14						貶義	
安*無<m=有沒有> 元寶灰 賣 去<m=了>?	有 元寶灰 賣 嗎?		spoken	葉修齊	2019	5	18							叫賣
茶箬<m=茶葉>, 寶圓.			spoken	葉修齊	2019	5	18							叫賣
元寶灰 吓<m=啊>! 有無<m=有沒有> 元寶灰 賣 無<m=沒有> 吓<m=啊>?			spoken	葉劍飛	2020	9	19							叫賣
廢品 收購 吓<m=啊>! 圖書, 報紙, 呆銅, 呆鐵 吓<m=啊>! 可樂瓶 收購, 易拉罐 收購 吓<m=啊>!			spoken	葉劍飛	2020	9	19							叫賣
咬𧏫藥<m=蟑螂藥>, 紅蟻藥<m=螞蟻藥>, 老鼠藥, 虼蚤藥<m=跳蚤藥>, 風油精.			spoken	葉劍飛, 关彳山	2019	5	18							叫賣
高壓鍋<lan=cmn>, 煤氣竈<lan=cmn>, 熱水器<lan=cmn>, 洗衣機, 清理<lan=cmn> 油煙機<lan=cmn>.			spoken	葉劍飛	2020	11	9							叫賣
炸彈<y=za53-lang242> 蜀<y=soh33><m=一> 粒<y=lak5> 蜀<y=soh33><m=一> 粒<y=lak5> 逿<y=doung53><m=掉> 下<y=ia242> 來<y=li53>.			spoken	关彳山	2007	5	29							
汝<y=ny33><m=你> 是偍<typofix=是伓是><m=是不是><y=sing53-nei242> 福州<y=huk21-ziu55> 其<y=i53><m=的> 吓<y=a0><m=啊>.			spoken	关彳山	2007	5	29							
春聯 𦾳<m=掉> 去<m=了>.			spoken	hf万物@QQ	2020	9	24							
久長<g=giū-dòng> 病<g=bâng> 乇<g=nó̤h> 可<g=kō̤> 食<g=siăh> 藥<g=iŏh> 慢慢<g=mâing-mâing> 調治<g=dièu-dê>.			spoken	关彳山	2018	3	3							
汝<y=ny33> 安*是<y=ang53-nei242><m=是不是> 亂去了<y=loung213-ngo0-lau33>, 總款<y=zung24-uang33><m=這種> 事計<y=dai21-ie213><m=事> 也會<y=ie242><m=也> 做的出<y=zo21-lik0-couk24><m=做得出來>.			spoken	葉修齊	2020	10	5							
這 隻 儂 生<m=長得> 三花 喏<m=似的>.			spoken	关彳山	2020	10	8			37				
我 野 厭 這樣款 其 囝.			spoken	关彳山	2020	10	20							
故 儥 捨 去睏. 趕緊 死 去 去睏.			spoken	hf万物@QQ	2020	12	14							
耳耳<m=耳朵><y=ngi21-ngi53> 疼<y=tiang213>.			spoken	关彳山	2021	1	20							
汝 好, 汝 名<m=叫> 世乇<m=什麼>. 我 其<m=的> 名字 號<m=叫> 𡅏<m=做> 小明.			written	关彳山	2018	9	20		fzho,mqig	10	維基教科書编者. 福州語/會話/第1課[G/OL]. 中文維基教科書, 2018-09-20[2021-01-30]. https://zh.wikibooks.org/w/index.php?title=福州語/會話/第1課%26oldid=123269.	CC BY-SA 3.0		
熱熱<y=iek33-iek5> 勢*<m=的><y=die213>.			spoken	陳澤平	1998	2			fzho		陈泽平. 福州方言研究[M]. 福建人民出版社, 1998: 11.			
綠綠<y=nuoh33-nuoh5> 着<m=的><y=luoh24>.			spoken	陳澤平	1998	2			fzho		陈泽平. 福州方言研究[M]. 福建人民出版社, 1998: 11.			
急急<y=gik55-geik24> 咧<typofix=勢*><m=的><y=die213>.			spoken	陳澤平	1998	2			fzho		陈泽平. 福州方言研究[M]. 福建人民出版社, 1998: 11.			
刮<y=goouk24> 囇<m=一下><y=da242>.	刮 一 刮.		spoken	陳澤平	1998	2			fzho		陈泽平. 福州方言研究[M]. 福建人民出版社, 1998: 11.			
食<m=喫><y=sieh5> 看<y=kang213>.	喫 喫 看.		spoken	陳澤平	1998	2			fzho		陈泽平. 福州方言研究[M]. 福建人民出版社, 1998: 11.			
鐵<y=tiek24> 諒<typofix=蜀樣><m=一樣><y=duong242>.	鐵 一般.		spoken	陳澤平	1998	2			fzho		陈泽平. 福州方言研究[M]. 福建人民出版社, 1998: 11.			
花花<y=hua55-hua55> 勢*<m=的><y=lie213>.	花花 的.		spoken	陳澤平	1998	2			fzho		陈泽平. 福州方言研究[M]. 福建人民出版社, 1998: 11.			
黃黃<y=uong33-uong53> 勢*<m=的><y=nie213>.	黃黃 的.		spoken	陳澤平	1998	2			fzho		陈泽平. 福州方言研究[M]. 福建人民出版社, 1998: 11.			
覷<m=瞧><y=ceoy213> 囇<m=一下><y=la242>.	瞧 瞧.		spoken	陳澤平	1998	2			fzho		陈泽平. 福州方言研究[M]. 福建人民出版社, 1998: 11.			
看<y=kang213> 囇<m=一下><y=la242>.	看 看.		spoken	陳澤平	1998	2			fzho		陈泽平. 福州方言研究[M]. 福建人民出版社, 1998: 11.			
圍<y=ui53> 𡅏<m=着><y=le33>.	圍 着.		spoken	陳澤平	1998	2			fzho		陈泽平. 福州方言研究[M]. 福建人民出版社, 1998: 11.			
拈<m=拿><y=nieng55> 𡅏<m=着><y=ne33>.	拿 着.		spoken	陳澤平	1998	2			fzho		陈泽平. 福州方言研究[M]. 福建人民出版社, 1998: 11.			
覷<m=瞧><y=ceoy213> 看<y=ang213>.	瞧 瞧 看.		spoken	陳澤平	1998	2			fzho		陈泽平. 福州方言研究[M]. 福建人民出版社, 1998: 11.			
聽<y=tiang55> 看<y=ngang213>.	聽 聽 看.		spoken	陳澤平	1998	2			fzho		陈泽平. 福州方言研究[M]. 福建人民出版社, 1998: 11.			
依嬤<m=阿媽><y=m55-ma55>.	媽媽.		spoken	陳澤平	1998	2			fzho		陈泽平. 福州方言研究[M]. 福建人民出版社, 1998: 14-15.			聲化韻母
依媽<m=阿奶><y=m53-ma33>.	奶奶.		spoken	陳澤平	1998	2			fzho		陈泽平. 福州方言研究[M]. 福建人民出版社, 1998: 14-15.			聲化韻母
依奶<m=阿媽><y=n53-ne33>.	媽媽.		spoken	关彳山	2010				fzho					聲化韻母
依奶<m=阿媽><y=ing53-ne33>.	媽媽.		spoken	关彳山	2010				fzho					聲化韻母
依嬤<m=阿媽><y=ing55-ma55>.	媽媽.		spoken	陳澤平	1998	2			fzho		陈泽平. 福州方言研究[M]. 福建人民出版社, 1998: 14-15.			聲化韻母
依媽<m=阿奶><y=ing53-ma33>.	奶奶.		spoken	陳澤平	1998	2			fzho		陈泽平. 福州方言研究[M]. 福建人民出版社, 1998: 14-15.			聲化韻母
伊<m=他><y=n53> 奶<m=媽><y=ne33>.	他 媽.		spoken	关彳山	2010				fzho					
伊<m=他><y=n53> 奶<m=媽><y=ne33> 霸霸<m=𣬠𣬶><y=ba21-wa213>.	他 媽 個 𣬠𣬶.		spoken	关彳山	2010				fzho					
汝<m=你><y=n24> 奶<m=媽><y=ne33>.	你 他 媽.		spoken	关彳山	2010				fzho					
𠚺<m=肏><g=sá><y=sa213> 伊<m=他><g=ĭ><y=n53> 奶<m=媽><g=nā̤><y=ne33>.	肏 他 媽.		spoken	关彳山	2010				fzho					
伊<m=他><g=ĭ><y=n53> 奶<m=媽><g=nā̤><y=ne33> 我<y=nguai33> 𠚺<m=肏><g=sá><y=sa213> .	他 媽 我 肏.		spoken	关彳山	2010				fzho					
𠚺<m=肏><y=sa213> 汝<m=你><y=n24> 奶<m=媽><y=ne33>.	肏 你 媽.		spoken	关彳山	2010				fzho					
汝<m=你><y=n24> 奶<m=媽><y=ne33> 我<y=nguai33> 𠚺<m=肏><y=sa213>.	你 媽 我 肏.		spoken	关彳山	2010				fzho					
伊<m=他><y=ing53> 奶<m=媽><y=ne33>.	他 媽.		spoken	关彳山	2010				fzho					
伊<m=他><y=ing53> 奶<m=媽><y=ne33> 霸霸<m=𣬠𣬶><y=ba21-wa213>.	他 媽 個 𣬠𣬶.		spoken	关彳山	2010				fzho					
汝<m=你><y=yng24> 奶<m=媽><y=ne33>.	你 他 媽.		spoken	关彳山	2010				fzho					
𠚺<m=肏><g=sá><y=sa213> 伊<m=他><g=ĭ><y=ing53> 奶<m=媽><g=nā̤><y=ne33>.	肏 他 媽.		spoken	关彳山	2010				fzho					
伊<m=他><g=ĭ><y=ing53> 奶<m=媽><g=nā̤><y=ne33> 我<y=nguai33> 𠚺<m=肏><g=sá><y=sa213> .	他 媽 我 肏.		spoken	关彳山	2010				fzho					
𠚺<m=肏><y=sa213> 汝<m=你><y=yng24> 奶<m=媽><y=ne33>.	肏 你 媽.		spoken	关彳山	2010				fzho					
汝<m=你><y=yng24> 奶<m=媽><y=ne33> 我<y=nguai33> 𠚺<m=肏><y=sa213>.	你 媽 我 肏.		spoken	关彳山	2010				fzho					
嗯<y=n0>.	嗯.		spoken	陳澤平	1998	2			fzho		陈泽平. 福州方言研究[M]. 福建人民出版社, 1998: 14.			表示同意或聽見
嗯<y=m0>.	嗯.		spoken	陳澤平	1998	2			fzho		陈泽平. 福州方言研究[M]. 福建人民出版社, 1998: 14.			表示同意或聽見
故 是 希望 有 辦法 住 鄉下 𡅏.	還 是 希望 能 住 在 鄉下.		translated	关彳山	2023	11	18							
盡 価 年 前 離家 出走<y=cuk24-zeu33> 了.	很 多 年 前 離家 出走 了.		translated	关彳山	2023	11	18							
再 做 蜀 回 投票.	再 做 一 次 投票.		translated	关彳山	2023	11	18							
介 做 蜀 回 投票.	再 做 一 次 投票.		translated	关彳山	2023	11	18							
將 兩 隻 諸娘囝 齊 帶 去.	把 兩 個 女兒 一起 帶 走.		translated	关彳山	2023	11	18							
汝 去 西湖 了 未.	你 去 西湖 了 嗎.		translated	关彳山	2023	11	18							
氣 其 聲音 悗 來 悗 大.	氣 的 聲音 越 來 越 大.		translated	关彳山	2023	11	18							
手 𡅏 無 儥記 繼續 挖 番薯.	手 上 不 忘 繼續 挖 番薯.		translated	关彳山	2023	11	18							
手 𡅏 無 儥記 繼續 掘 番薯.	手 上 不 忘 繼續 挖 番薯.		translated	关彳山	2023	11	18							
時間 故 野 価 吓.	時間 還 有 很 多 啊.		translated	关彳山	2023	11	18							
我 拈 去 我 備用帽.	我 拿 了 我 的 備用帽子.		translated	关彳山	2023	11	18							
趕緊 掏 出 來<y=di53>.	趕快 拿 出 來.		translated	关彳山	2023	11	18							
前斗 有 光.	前面 有 光.		translated	关彳山	2023	11	18							
我 掏 十 塊 就 會使.	我 拿 十 塊 就 好.		translated	关彳山	2023	11	18							
這 芘 地方 看 起 去 儥 呆 吓.	這 地點 看 起 來 不 錯 啊.		translated	关彳山	2023	11	18							
做蜀下 講 儥 出 話.	一時之間 說 不 出 話.		translated	关彳山	2023	11	18							
維持 生活 開銷 吓 儥 容易 吓.	維持 生活 開銷 啊 不 容易 啊.		translated	关彳山	2023	11	18							
兩邊手 拈 起 螢幕.	雙手 拿 起 螢幕.		translated	关彳山	2023	11	18							
佪 汝 嚽 是 塞 着 俤 蜀 關 了.	那 你 這 是 卡 在 哪 一 關 了.		translated	关彳山	2023	11	18							
討 死 吧, 者 儂.	找 死 吧, 這 人.		translated	关彳山	2023	11	18							
介 伓 行 就 儥 赴 去了 哇.	再 不 走 就 來不及 了.		translated	关彳山	2023	11	18							
者 厝 也 是 貸款 買 來 的.	這 房子 也 是 貸款 買 來 的.		translated	关彳山	2023	11	18							
透底 無 蜀 日 閑 下來.	從 沒 有 一 天 空閑 下來.		translated	关彳山	2023	11	18							
蜀 盒 八百八.	一 盒 八百八.		translated	关彳山	2023	11	18							
我 是 暝晡 去 其.	我 是 晚上 去 的.		translated	关彳山	2023	11	18							
謝謝 噢.	謝謝 哦.		translated	关彳山	2023	11	18							
外媽 行動 故 算 順利.	外婆 行動 還 算 順利.		translated	关彳山	2023	11	18							
正是 正是 正是, 無賺 無賺 無賺.	是 是 是, 對 對 對.		translated	关彳山	2023	11	18							
蜀 滴 都 無 該 有 的 禮貌.	一 點 都 沒有 該 有 的 禮貌.		translated	关彳山	2023	11	18							
會 有味 儥?	好玩兒 嗎?		translated	关彳山	2023	11	18							
汝 現刻 野 俊 囉.	妳 現在 好 漂亮.		translated	关彳山	2023	11	18							
馬上 去 邊兜 買 托 我 買 的 藥.	馬上 去 旁邊 買 托 我 買 的 藥.		translated	关彳山	2023	11	18							
佪 故 好 去, 遘 時候 我 一定 提前 告訴 汝.	那 太 棒 了, 到 時候 我 一定 提前 告訴 你.		translated	关彳山	2023	11	18							
伊大啼去來.	他痛哭起來.		translated	关彳山	2023	11	18							
伊正有發展的空間.	他才有發展的空間.		translated	关彳山	2023	11	18							
由帳篷裏勢傳來尖叫其聲音.	從帳篷內傳來尖叫聲.		translated	关彳山	2023	11	18							
完全儥尊重.	完全不尊重.		translated	关彳山	2023	11	18							
我復逛了蜀輪.	我又逛了一輪.		translated	关彳山	2023	11	18							
外斗雪逿野大.	外面大雪紛飛.		translated	关彳山	2023	11	18							
平常經常有儂請伊對手.	平時常有人請她幫忙.		translated	关彳山	2023	11	18							
等了仂久.	等了一會兒.		translated	关彳山	2023	11	18							
汝可以去海南客佻囇, 許所海很俊.	你可以去海南玩玩, 那裏的海挺漂亮的.		translated	关彳山	2023	11	18							
伊老媽當儥帶, 最後離婚.	妻子受不了, 而選擇離婚.		translated	关彳山	2023	11	18							
伊看見伊敆房間裏.	他看見她在房間裏.		translated	关彳山	2023	11	18							
已經無存在去了.	已不復存在了.		translated	关彳山	2023	11	18							
這邊安全了.	這邊安全了.		translated	关彳山	2023	11	18							
正好敆食飯前後碰着.	剛好在吃飯時遇到.		translated	关彳山	2023	11	18							
行轉來了吓, 我着關門了.	回家啦, 我要關門了.		translated	关彳山	2023	11	18							
儂家去了港口.	我們去了港口.		translated	关彳山	2023	11	18							
汝傒勢着轉去食飯.	妳為什麽要回家吃飯.		translated	关彳山	2023	11	18							
伊聚蜀堆.	他們聚在一起.		translated	关彳山	2023	11	18							
無事計慢慢想.	沒關係慢慢想.		translated	关彳山	2023	11	18							
明旦早頭八點遘十一點其, 汝十一點之前爬起去去做就會使了.	明天早上八點到十一點呢, 你十一點之前起床去做就行.		translated	关彳山	2023	11	18							
先遘公共車站, 趕緊上車.	先到公共車站, 就趕快上車.		translated	关彳山	2023	11	18							
儂家上車.	我們上車.		translated	关彳山	2023	11	18							
故需要時間来放松吓.	還需要時間来放松啊.		translated	关彳山	2023	11	18							
難道汝卜挃伊蜀隻儂煮囫圇厝儂其飯?	難道妳要他一個人煮全家人的飯?		translated	关彳山	2023	11	18							
買這本書.	買這本書.		translated	关彳山	2023	11	18							
之前欠的錢故未填完去吓.	之前欠的錢還沒還完.		translated	关彳山	2023	11	18							
故是好遘尾服務生故會幫我送來.	幸好後來服務生還幫我送來.		translated	关彳山	2023	11	18							
總款故會使吓.	這樣都可以啊.		translated	关彳山	2023	11	18							
實際拈遘以後.	實際拿到以後.		translated	关彳山	2023	11	18							
伊着自家決定去俤所.	他需要是自己決定要去哪裏.		translated	关彳山	2023	11	18							
開始想搬轉鄉下住.	開始想搬回鄉下住.		translated	关彳山	2023	11	18							
我見覺應該搭飛機去, 到許所以後討蜀芘酒店, 想自駕遊遘許所正租車.	我覺得應該坐飛機去, 到那之後找個酒店, 想自駕遊到那再租車.		translated	关彳山	2023	11	18							
蜀番敆殼以後伊回遘厝𡅏.	一番折騰後她回到家裏.		translated	关彳山	2023	11	18							
故 有 野 価 貸款 着 還<y=heing53> 啦.	還 有 很 多 貸款 要 還 吶.		translated	关彳山	2023	11	18							
取遘有效的工作證明.	取得有效之工作證明.		translated	关彳山	2023	11	18							
好的, 儂家齊去存錢.	好的, 我們一起存錢.		translated	关彳山	2023	11	18							
開蜀間工廠.	開了間工廠.		translated	关彳山	2023	11	18							
㑚是蜀塊容易碎的玻璃就是了哇.	只是一塊易碎的玻璃罷了.		translated	关彳山	2023	11	18							
儥<y=ma242> 恰<y=kak21> 確定<y=kouk55-deing242> 汝<y=ny33> 講<y=goung33> 的<y=nik0> 是<y=sei242> 俤隻<y=die53-ieh24>.	不 太 確定 你 講 的 是 哪個.		translated	关彳山	2023	11	18							
今旦暝晡有宴會.	今天晚上有宴會.		translated	关彳山	2023	11	18							
儥遘因爲總款滑倒.	不會因此滑倒.		translated	关彳山	2023	11	18							
討了蜀家烤牛舌的店.	找了一家烤牛舌店.		translated	关彳山	2023	11	18							
身上受遘重重蜀擊.	身上受到重重一擊.		translated	关彳山	2023	11	18							
故是念念不忘汝的身影.	仍念念不忘你的身影.		translated	关彳山	2023	11	18							
今年暝所有的活動都結束去了.	今年所有的活動都結束啦.		translated	关彳山	2023	11	18							
討 蜀 芘 地方 食<y=sieh21> 咖啡<y=ka55-wi55>.	找 地方 要 喝 咖啡.		translated	关彳山	2023	11	18							
繼續向懸頂行.	繼續往上走.		translated	关彳山	2023	11	18							
儥仈卜開拍了.	不知道要開拍了.		translated	关彳山	2023	11	18							
今旦 我 去 上班 嚇, 差<y=cia55> 仂滴<y=lik53-deik24> 乞<y=keoyk53> 儂<y=leoyng53> 碰<y=pooung213> 去<y=o0>.	今天 上班, 我 差 點 被 人 撞 到.		translated	关彳山	2023	11	18							
汝確定?	你確定?		translated	关彳山	2023	11	18							
算 去, 有 仂滴 遠, 故是 屈<y=keoyk24> 厝 𡅏 點 外賣.	算 了 吧, 有 點 遠, 還是 在 家 點 外賣 吧.		translated	关彳山	2023	11	18							
我故以為無電.	我還以為沒電.		translated	关彳山	2023	11	18							
我故㑚漢沒電.	我還以為沒電.		translated	关彳山	2023	11	18							
親儥親, 故鄉儂.	親不親, 故鄉人.		translated	关彳山	2023	11	18							
這所有蜀兜樹.	這裏有棵樹.		translated	关彳山	2023	11	18							
上晝有閑無?	上午有空嗎?		translated	关彳山	2023	11	18							
正儥再會儥記.	才不再會忘記.		translated	关彳山	2023	11	18							
附近無適合的醫院.	附近沒有適合的醫院.		translated	关彳山	2023	11	18							
若夥錢, 會好使儥?	多少錢, 好用嗎?		translated	关彳山	2023	11	18							
纜車分兩段.	纜車分成兩段.		translated	关彳山	2023	11	18							
這蜀楞柴板都爛去了.	這塊木板都爛了.		translated	关彳山	2023	11	18							
不是群裏勢發的消息吓.	不是群裏發的消息.		translated	关彳山	2023	11	18							
放解緊張的情緒.	抒解緊張的情緒.		translated	关彳山	2023	11	18							
借兩萬錢乞伊應急.	借兩萬塊給她應急.		translated	关彳山	2023	11	18							
去洗溫泉.	去洗溫泉.		translated	关彳山	2023	11	18							
會使, 回頭有行汝聯繫我.	可以, 回頭去的時候你聯繫我.		translated	关彳山	2023	11	18							
汝拍算去俤座山?	你打算去哪個山?		translated	关彳山	2023	11	18							
從來無見過面.	從未見過面.		translated	关彳山	2023	11	18							
就買好仂滴乞伲囝哥食吧.	就買好一點的給孩子吃吧.		translated	关彳山	2023	11	18							
看 遘 有 嘻佪 汝 就是 行 裏 去.	看 到 有 那個 你 就 進 去.		translated	关彳山	2023	11	18							
就是看儥慣伊.	就是看不慣他.		translated	关彳山	2023	11	18							
公司生產其產品.	公司生產的產品.		translated	关彳山	2023	11	18							
就開始等放假了.	就開始等放假啦.		translated	关彳山	2023	11	18							
伊透底都會仈.	他一向都知道.		translated	关彳山	2023	11	18							
㑚有無聲其目滓.	只有無聲的淚.		translated	关彳山	2023	11	18							
我發現我儥記號碼牌.	我發現我忘了號碼牌.		translated	关彳山	2023	11	18							
儂家各儂今旦行去去泅吧?	那我們今天去遊泳吧?		translated	关彳山	2023	11	18							
去鄉下𡅏煮飯.	到了鄉下燒飯.		translated	关彳山	2023	11	18							
保證會乞利息.	保證會給利息.		translated	关彳山	2023	11	18							
但是祭竈這芘音噢, 就野像蜀芘咒語.			written	关彳山	2023	11	18							
無儂會使經過這所!	沒有人可以經過這裏!		translated	关彳山	2023	11	18							
人類比伊各儂想像中友善.	人類比他們想像中友善.		translated	关彳山	2023	11	18							
噢! 都是我喜歡吃的. 噢! 我有食.	哇! 都是我喜歡吃的. 哇! 我要吃.		translated	关彳山	2023	11	18							
頂適合汝的, 價格也實惠.	挺適合你的, 價格也實惠.		translated	关彳山	2023	11	18							
去做天下所有事際.	去做天下所有事.		translated	关彳山	2023	11	18							
我見覺講這種話的儂都是歞囝, 儂家辛辛苦苦努力學習, 再考上好大學, 復就是因為儂家相信知識改變命運. 小鎮做題家, 完完全全的否定了儂家的努力.	我覺得說這種話的人都是傻屄, 我們辛辛苦苦努力學習, 再考上好大學, 不就是因為我們相信知識改變命運. 小鎮做題家, 完完全全地否定了我們的努力.		translated	关彳山	2023	11	18							
我每蜀工算廿塊乞汝會使儥.	我一天算二十塊給妳好不好.		translated	关彳山	2023	11	18							
坐敆休息室裏勢休息.	坐在休息室裏面休息.		translated	关彳山	2023	11	18							
儂家各儂着遘四點鐘以後交貨.	我們要到四點以後交貨.		translated	关彳山	2023	11	18							
伊 屈<y=keoyk24> 許所 淡淡 的 笑 去.	她 淡淡 笑.		translated	关彳山	2023	11	18							
我無辦法行回頭路囉.	我不能走回頭路了.		translated	关彳山	2023	11	18							
遘了該上小學其年齡了.	到了該上小學的年紀時.		translated	关彳山	2023	11	18							
快來食鉤.	趕快來吃鉤.		translated	关彳山	2023	11	18							
汝各儂前斗搬來搬去.	你們之前搬來搬去.		translated	关彳山	2023	11	18							
嚽是伓是蜀隻笑話.	這是不是個笑話.		translated	关彳山	2023	11	18							
我甚至故帶了這隻卜乞汝看.	我甚至還帶了這個要給你看.		translated	关彳山	2023	11	18							
我是汝嬤.	我是妳的媽媽.		translated	关彳山	2023	11	18							
就是等消息蜀出.	就等消息一出.		translated	关彳山	2023	11	18							
留一些錢需要前後比較方便.	留些錢需要時比較方便.		translated	关彳山	2023	11	18							
汝會仈賺去吓.	你知道錯了啊.		translated	关彳山	2023	11	18							
四包暖暖包都使上了.	四包暖暖包都用上了.		translated	关彳山	2023	11	18							
伊幾乎無辦法呼吸.	她幾乎無法呼吸.		translated	关彳山	2023	11	18							
但是天氣野好無逿雪.	但是天氣很好沒有下雪.		translated	关彳山	2023	11	18							
過野𣆯, 伊正慢慢由傷痛恢復.	經過很久, 她才漸漸從傷痛恢復.		translated	关彳山	2023	11	18							
總是生無蜀時會意去.	總是恍然大悟.		translated	关彳山	2023	11	18							
由小帶敆身𡅏手鐲.	從小帶在身上的手鐲.		translated	关彳山	2023	11	18							
乞 俤儂<y=deo55-eoyng53> 我 無 意見 吓.	給 誰 我 沒有 意見 啊.		translated	关彳山	2023	11	19							
乞 俤儂 我 都 無 意見 吓.	給 誰 我 都 沒有 意見 啊.		translated	关彳山	2023	11	19							
我對伊野禮貌.	我對他很禮貌.		translated	关彳山	2023	11	19							
終於見遘汝了.	終於見到你了.		translated	关彳山	2023	11	19							
見遘汝了.	終於見到你了.		translated	关彳山	2023	11	19							
伓想踏裏竈前.	不想踏入廚房.		translated	关彳山	2023	11	19							
廿四歲前後化療共插管.	二十四歲時化療插管.		translated	关彳山	2023	11	19							
買 生<y=ciang55> 其 巧克力<lan=cmn>.	買 了 生巧克力.		translated	关彳山	2023	11	19							
伊是我郎罷.	他是我父親.		translated	关彳山	2023	11	19							
汝都這滿大了.	妳都這麼大了.		translated	关彳山	2023	11	19							
賣<y=ma242> 待<y=lai242> 由<y=iu53> 伊<y=i53> 郎罷<y=noung21-ma242> 許所<y=hing53-neo33> 繼承<y=gi55-ling53> 其<y=ngi0> 三<y=sang21> 分<y=ung53> 地<y=nei242>.	賣 掉 從 父親 那里 繼承 的 三 分 地.		translated	关彳山	2023	11	19							
囫圇身都野痛.	全身都好痛.		translated	关彳山	2023	11	19							
儂家㑚有四隻儂.	我們只有四個人.		translated	关彳山	2023	11	19							
我自家處理好了.	我自己處理好了.		translated	关彳山	2023	11	19							
我自家處理好去.	我自己處理好了.		translated	关彳山	2023	11	19							
我自家處理完去.	我自己處理完了.		translated	关彳山	2023	11	19							
着去自家該去的地方.	要去自己該去的地方.		translated	关彳山	2023	11	19							
簡單仂囝講去.	簡單來說.		translated	关彳山	2023	11	19							
各儂着上山去飯店𡅏.	他們要上山回飯店.		translated	关彳山	2023	11	19							
無賺, 我現在已經對伊無任何的好感, 甚至開始討厭了.	沒錯, 我現在已經對他沒有任何好感了, 甚至開始厭惡了.		translated	关彳山	2023	11	19							
可以多趁仂滴.	可以多賺一些.		translated	关彳山	2023	11	19							
慢慢哩體力就恢復去了.	漸漸恢復體力.		translated	关彳山	2023	11	19							
從來<y=zyng55-nai53> 無有<y=mo21-ou242> 想 過 這 隻 問題.	從來 沒有 想 過 這 個 問題.		translated	关彳山	2023	11	19							
人生就是蜀隻儂的生活.	人生就是一個人的生活.		translated	关彳山	2023	11	19							
人生就是蜀隻儂其生活.	人生就是一個人的生活.		translated	关彳山	2023	11	19							
幾乎吓都無世乇儂可以跟𡅏伊去.	幾乎沒有人可以跟上.		translated	关彳山	2023	11	19							
烏的頭髮吓, 都變白頭髮去.	黑髮, 變成白髮.		translated	关彳山	2023	11	19							
我嬤帶我看醫生.	我媽帶我去看醫生.		translated	关彳山	2023	11	19							
看起來比去年暝少.	看起來比去年少.		translated	关彳山	2023	11	19							
看起去比去年暝少.	看起來比去年少.		translated	关彳山	2023	11	19							
汝好好照顧自家.	妳好好照顧自己.		translated	关彳山	2023	11	19							
汝好好看顧自家.	妳好好照顧自己.		translated	关彳山	2023	11	19							
去學校邊兜許蜀間店𡅏, 汝去食?	去學校旁那家, 你吃嗎?		translated	关彳山	2023	11	19							
去學校邊兜許蜀間店𡅏, 有食無?	去學校旁那家, 你吃嗎?		translated	关彳山	2023	11	19							
十幾年研究的成果吓.	十幾年來的研究成果啊.		translated	关彳山	2023	11	19							
十幾年研究其成果.	十幾年來的研究成果.		translated	关彳山	2023	11	19							
有更多的話想講.	有更多話想說.		translated	关彳山	2023	11	19							
有故価話卜講.	有更多話想說.		translated	关彳山	2023	11	19							
公車等伊發車.	公車等他發車.		translated	关彳山	2023	11	19							
公交等伊發車.	公交等他發車.		translated	关彳山	2023	11	19							
買了兩包蜂蜜卵糕.	買了兩包蜂蜜蛋糕.		translated	关彳山	2023	11	19							
我已經討汝各儂討野𣆯去了.	我已經找你們找了好久.		translated	关彳山	2023	11	19							
我討汝各儂討野𣆯去了.	我已經找你們找了好久.		translated	关彳山	2023	11	19							
各位開車的同學着小心吓.	各位開車的同學小心.		translated	关彳山	2023	11	19							
各位開車其同學着細膩吓.	各位開車的同學小心.		translated	关彳山	2023	11	19							
表弟的老媽.	表弟的老婆.		translated	关彳山	2023	11	19							
表弟其老媽.	表弟的老婆.		translated	关彳山	2023	11	19							
腹老咕嚕咕嚕叫.	肚子咕嚕咕嚕叫.		translated	关彳山	2023	11	19							
其他儂都敆𡅏忙.	其他人都在忙.		translated	关彳山	2023	11	19							
故着追加十幾分鐘.	還要追加十幾分鐘.		translated	关彳山	2023	11	19							
故着介加十幾分鐘.	還要追加十幾分鐘.		translated	关彳山	2023	11	19							
故着再加十幾分鐘.	還要追加十幾分鐘.		translated	关彳山	2023	11	19							
汝想去俤蜀芘比較好的地方嗎?	你想要到一個比較好的地方嗎?		translated	关彳山	2023	11	19							
汝想去俤蜀芘比較好其地方無?	你想要到一個比較好的地方嗎?		translated	关彳山	2023	11	19							
出站以後㑚有熱的水𡅏.	出站後只有熱水.		translated	关彳山	2023	11	19							
出站以後㑚有熱其水𡅏.	出站後只有熱水.		translated	关彳山	2023	11	19							
暝晡儥孤單.	夜晚不會孤單.		translated	关彳山	2023	11	19							
俤儂講的噢? 汝講的大概是講汝自家吓?	誰說的? 你說的那是你自己吧?		translated	关彳山	2023	11	19							
俤儂講其? 汝講其是汝自家吧?	誰說的? 你說的那是你自己吧?		translated	关彳山	2023	11	19							
工作可能會拍逿去.	可能會失去工作.		translated	关彳山	2023	11	19							
緊張其情緒.	緊張的情緒.		translated	关彳山	2023	11	19							
這芘是舊其平臺.	這個是舊平臺.		written	关彳山	2023	11	19							
總款吓.	這樣啊.		written	关彳山	2023	11	19							
沒<typofix=無> 賺.	沒 錯.		written	关彳山	2023	11	19							
我由這所開起其.	我從這裏打開的.		written	关彳山	2023	11	19							
回* 新 其 平臺 敆 俤所.	那 新 的 平臺 在 哪.		written	关彳山	2023	11	19							
仱纏去, 我敆舊其平台做了野価.			written	关彳山	2023	11	19							
我去汝發其新其覷蜀覷.			written	关彳山	2023	11	19							
心𡅏故是過於心虛.	心底仍過於心虛.		translated	关彳山	2023	11	19							
汝等仂久介轉來就好了.	你等一下再回來就好了.		translated	关彳山	2023	11	19							
有海, 野俊其.	有海, 非常漂亮的.		translated	关彳山	2023	11	19							
十分的緊張.	十分緊張.		translated	关彳山	2023	11	19							
盡去野緊張.	十分緊張.		translated	关彳山	2023	11	19							
做出行動.	做出行動.		translated	关彳山	2023	11	19							
這蜀架車野貴吓, 故會載騎電動車.	這車真貴啊, 還不如騎電動車呢.		translated	关彳山	2023	11	19							
利潤也儥算懸.	利潤也不算高.		translated	关彳山	2023	11	19							
百貨公司看看.	百貨公司看看.		translated	关彳山	2023	11	19							
百貨公司看蜀看.	百貨公司看看.		translated	关彳山	2023	11	19							
百貨公司看囇.	百貨公司看看.		translated	关彳山	2023	11	19							
廣告也恰価去.	廣告也太多了吧.		translated	关彳山	2023	11	19							
也可以總款操作, 安排蜀下.	還能這樣操作, 安排一下.		translated	关彳山	2023	11	19							
故會使總款操作, 安排蜀下.	還能這樣操作, 安排一下.		translated	关彳山	2023	11	19							
旁邊儂講搞買賣野好趁.	旁邊的人在說買賣很好賺.		translated	关彳山	2023	11	19							
旁邊儂講做買賣野好趁.	旁邊的人在說買賣很好賺.		translated	关彳山	2023	11	19							
感覺可以住蜀日.	感覺可以住一天.		translated	关彳山	2023	11	19							
見覺可以住蜀日.	感覺可以住一天.		translated	关彳山	2023	11	19							
儂家決定行落山.	我們決定走下山.		translated	关彳山	2023	11	19							
儂家 㑚 環<y=uang53> 仂仂囝.	我們 逛 了 一點點.		translated	关彳山	2023	11	19							
汝俤所來其錢買嚽去?	你怎麼會有錢買這個?		translated	关彳山	2023	11	19							
儂家着趕去厄運!	我們要趕走厄運!		translated	关彳山	2023	11	19							
真的是有八七分像.	真的是有八七分像.		translated	关彳山	2023	11	19							
真其是有八七分像.	真的是有八七分像.		translated	关彳山	2023	11	19							
拈着裝錢其紙袋.	拿著裝錢的紙袋.		translated	关彳山	2023	11	19							
拈𡅏裝錢其紙袋.	拿著裝錢的紙袋.		translated	关彳山	2023	11	19							
我故㑚漢是世乇重要其事際.	我以為是什麽重要的事.		translated	关彳山	2023	11	19							
敆 駕校 乞 教練 罵, 共 汝 冇講 乞 汝 㞢笑<y=ci53-ciu213>, 我 服<y=huk5> 了<y=dau0>.	在 駕校 被 教練 罵, 和 你 聊天 被 你 嘲諷, 我 服 了.		translated	关彳山	2023	11	19							
回* 汝 就 選 適合 敏感肌, 適合 用 的, 假使 儥 仈 選, 汝 就 討 蜀 討 最近 比較 熱門 的 口紅, 買 蜀 支 送 伊 也 可以.	那 你 就 選 適合 敏感肌, 適合 用 的, 要 是 再 不會 選, 你 就 找 找 最近 比較 熱門 的 口紅, 買 一 支 送 她 也 可以.		translated	关彳山	2023	11	19							
回* 汝 就 揀 適合 敏感肌 使 其, 假使 儥 仈 揀, 汝 就 討 蜀 討 這幫 比較 行時 其 口紅, 買 蜀 支 送 伊 也 會使.	那 你 就 選 適合 敏感肌 用 的, 要 是 再 不 會 選, 你 就 找 找 最近 比較 熱門 的 口紅, 買 一 支 送 她 也 可以.		translated	关彳山	2023	11	19							
前蜀禮拜開始躃健身房.	上周開始跑健身房.		translated	关彳山	2023	11	19							
前蜀禮拜開始有去健身房.	上周開始跑健身房.		translated	关彳山	2023	11	19							
我開始無法相信自家.	我開始無法相信自己.		translated	关彳山	2023	11	19							
我開始無辦法相信自家.	我開始無法相信自己.		translated	关彳山	2023	11	19							
蔣講者目睭啼𡅏這滿腫.	怎麽眼睛哭的那麽腫.		translated	关彳山	2023	11	19							
決定向依嬤借仂囝錢攖身邊.	決定向媽媽拿些錢放在身邊.		translated	关彳山	2023	11	19							
伊也蜀樣深受感動.	他也一樣深受感動.		translated	关彳山	2023	11	19							
伊也同蜀樣野感動.	他也一樣深受感動.		translated	关彳山	2023	11	19							
伊也同樣野感動.	他也一樣深受感動.		translated	关彳山	2023	11	19							
作業 都 做 完 後<y=hau242>, 伊 行 遘 客廳 𡅏.	當 功課 都 做 完 後, 她 走 到 客廳.		translated	关彳山	2023	11	19							
謝謝這蜀芘朋友.	謝謝這位朋友.		translated	关彳山	2023	11	19							
謝謝這蜀隻朋友.	謝謝這位朋友.		translated	关彳山	2023	11	19							
故有十幾隻着上車.	還有十幾個人要上車.		translated	关彳山	2023	11	19							
必須吓.	必須的啊.		translated	关彳山	2023	11	19							
伊也野大聲屈𡅏啼嘛吓.	她也放聲大哭.		translated	关彳山	2023	11	19							
汝各儂着看好伊吓.	你們要看好他.		translated	关彳山	2023	11	19							
騙父母考書其成績故無呆.	騙父母考試成績不錯.		translated	关彳山	2023	11	19							
會使, 汝先看蜀看.	好的, 你先看看.		translated	关彳山	2023	11	19							
廣大其世界上.	廣大的世界上.		translated	关彳山	2023	11	19							
廣大其世界懸頂.	廣大的世界上.		translated	关彳山	2023	11	19							
面 懸頂 野 価 皺紋<y=zau55-muong53> 吓.	臉 上 好 多 皺紋.		translated	关彳山	2023	11	19							
我野想買吓.	我挺想買的.		translated	关彳山	2023	11	19							
伊也控制我其命吓.	他也操縱了我的生命.		translated	关彳山	2023	11	19							
儂家養伊長大遘現在.	我們養他長大到現在.		translated	关彳山	2023	11	19							
這芘過道連起去.	這個走道連起來.		translated	关彳山	2023	11	19							
許滿早吓, 有仂囝爬儥起, 故想賴鋪𡅏.	那麽早啊, 有點起不來, 想睡懶覺呢.		translated	关彳山	2023	11	19							
復 送 兩 杯 咖啡<y=ka55-wi55>.	又 送 兩 杯 咖啡.		translated	关彳山	2023	11	19							
鋪陳的野好.	鋪陳得很好.		translated	关彳山	2023	11	19							
有更好其學員共校友.	有更好的學員與校友.		translated	关彳山	2023	11	19							
有故好其學員共校友.	有更好的學員與校友.		translated	关彳山	2023	11	19							
角色情緒的處理的也無呆.	角色情緒處理的也很不錯.		translated	关彳山	2023	11	19							
角色其情緒處理的也無呆.	角色情緒處理的也很不錯.		translated	关彳山	2023	11	19							
伊各儂敆許所工作.	他們在那里工作.		translated	关彳山	2023	11	19							
𩩍𡅏都是嚴重的傷痕.	背上都是嚴重的傷痕.		translated	关彳山	2023	11	19							
暗摸摸其地方.	伸手不見五指的地方.		translated	关彳山	2023	11	19							
就是, 能回仂囝本就少損失仂囝.	就是, 能回點本就少虧點.		translated	关彳山	2023	11	19							
一般 的 儂 應該當 看 過 都 無<y=mo53> 盡 熟悉.	一般 人 應該 都 不 很 熟悉.		translated	关彳山	2023	11	19							
一般 其 儂 應該 看 過 去 都 無<y=mo53> 盡 熟悉.	一般 人 應該 都 不 很 熟悉.		translated	关彳山	2023	11	19							
簡單講就是時間儥足.	簡單講就是時間不足.		translated	关彳山	2023	11	19							
簡單來講就是時間儥足.	簡單講就是時間不足.		translated	关彳山	2023	11	19							
簡單來講就是時間無夠.	簡單講就是時間不足.		translated	关彳山	2023	11	19							
熱的茶歠起去野爽快.	熱茶喝起來超爽.		translated	关彳山	2023	11	19							
回* 肯定 差 野 大 吓.	那 肯定 差別 很 大 啊.		translated	关彳山	2023	11	19							
討尋職務代理人.	找尋職務代理人.		translated	关彳山	2023	11	19							
汝卜挃牛食肉.	你要牛吃肉.		translated	关彳山	2023	11	19							
都儥仈公車蔣蔣搭.	不知道公車怎麽搭.		translated	关彳山	2023	11	19							
已經囫圇下晝了.	已經一個下午了.		translated	关彳山	2023	11	19							
謝謝大家儂關心.	謝謝大家關心.		translated	关彳山	2023	11	19							
再忙, 也着陪汝齊去加班!	再忙, 也要陪你一起加班!		translated	关彳山	2023	11	19							
介蔣忙, 也着共汝做陣去加班!	再忙, 也要陪你一起加班!		translated	关彳山	2023	11	19							
無可能是伊各儂.	不可能是他們.		translated	关彳山	2023	11	19							
㑚長<y=na53-luong242> 燈<y=deing55> 拍<y=pah24> 懸<y=geing53> 去<y=o0> 野<y=ia21> 漂亮<y=piu53-luong242>.	但是 燈 打 上 去 很 漂亮.		translated	关彳山	2023	11	19							
我女友行路上限是兩點鐘.	我女友走路上限是兩小時.		translated	关彳山	2023	11	19							
我卜共阿媽齊去.	我要和阿嬤一起去.		translated	关彳山	2023	11	19							
屈書店裏勢看書打發時間.	在書店看書打發時間.		translated	关彳山	2023	11	19							
也會使, 㑚是講汝着提前將機票酒店定好.	也可以, 但你要提前把機票酒店給訂好.		translated	关彳山	2023	11	19							
我 也 無 蔣 客佻 CF<lan=en> 了.	我 也是 不 怎麼 玩 CF 了.		translated	关彳山	2023	11	19							
身份證學生證掏出看吓.	身份證或學生證出示一下.		translated	关彳山	2023	11	19							
本來<y=buong21-nai53> 想<y=suong33> 爬<y=ba53> 懸<y=eing53> 去<y=o0>.	本來 想 爬 上 去.		translated	关彳山	2023	11	19							
聽起去簡直像敆安慰自家.	聽起來簡直像在安慰自己.		translated	关彳山	2023	11	19							
加班費漏去乞我.	加班費漏給我.		translated	关彳山	2023	11	19							
城市其生活真其野方便吓.	城市的生活非常方便.		translated	关彳山	2023	11	19							
轉來帶伲囝哥吧.	回來帶小孩吧.		translated	关彳山	2023	11	19							
靈魂會儥承受寂寞.	靈魂能否承受寂寞.		translated	关彳山	2023	11	19							
遘時候儂家各儂一定着拍野価野価的相片.	到時候我們一定要拍好多好多照片.		translated	关彳山	2023	11	19							
遘時候儂家一定着𢩅野価相片.	到時候我們一定要拍好多好多照片.		translated	关彳山	2023	11	19							
是伊其, 汝上號看蜀看.	是他的, 你上號看看.		translated	关彳山	2023	11	19							
噯, 我頭也野疼, 我也儥想去相親, 但是無辦法, 厝𡅏逼野緊.	唉, 我也很頭疼, 我也不想去相親, 但是沒有辦法, 家里逼得急.		translated	关彳山	2023	11	19							
這蜀芘價錢吓, 蔣蔣講吓?	這個價錢, 怎麽樣呀?		translated	关彳山	2023	11	19							
現刻有𡅏厝.	現在有了房子.		translated	关彳山	2023	11	19							
睏蜀下就好.	睡一下就好.		translated	关彳山	2023	11	19							
已經接近尾期.	已經接近末期.		translated	关彳山	2023	11	19							
漂流會使吓, 去俤所?	漂流行啊, 去哪里?		translated	关彳山	2023	11	19							
都是有道理其吓.	都是有道理的.		translated	关彳山	2023	11	19							
順帶蜀提.	順帶一提.		translated	关彳山	2023	11	19							
暝晡故會食吓.	晚上還能吃啊.		translated	关彳山	2023	11	19							
有兩條河.	有兩條河流.		translated	关彳山	2023	11	19							
看了兩本野有興趣的書.	看了兩本很有興趣的書.		translated	关彳山	2023	11	19							
店員建議我各儂最好着點這碗蟶湯.	店員建議我們點蟶湯.		translated	关彳山	2023	11	19							
該做世乇.	該做什麼.		translated	关彳山	2023	11	19							
答案都出現敆汝目睭底底𡅏.	答案浮現在妳眼底.		translated	关彳山	2023	11	19							
汝蜀來就卜趕我行.	你一來就要趕我走.		translated	关彳山	2023	11	19							
懸懸𤸬𤸬的.	高高瘦瘦的.		translated	关彳山	2023	11	19							
就講旅行臺中可以伓使朝拜.	就說旅行中可以不用朝拜.		translated	关彳山	2023	11	19							
我故未談戀愛𡅏, 蔣仈世乇食苦哩?	我沒有愛情, 何來吃苦呢?		translated	关彳山	2023	11	19							
我科目二已經考過了, 下蜀禮拜考科目三, 我着好好練車, 爭取蜀把過.	我科目二已經考過了, 下周考科目三, 我要好好練車, 爭取一把過.		translated	关彳山	2023	11	19							
伊各儂會來討儂家.	他們會來找我們.		translated	关彳山	2023	11	19							
坐纜車, 山𡅏雪更大.	坐了纜車, 山上雪更大.		translated	关彳山	2023	11	19							
會使會使, 今旦天比較凊, 汝行出門其前後𡅏衣裳多頌仂囝.	好的好的, 今天天氣比較冷, 出門的時候多穿點衣服.		translated	关彳山	2023	11	19							
落<y=loh55> 車<y=ia55> 後<y=au242> 我<y=nguai33> 看<y=kang213> 蜀<y=loh0> 看<y=kang213> 錶<y=biu33>.	下 車 後 我 看 了 看 錶.		translated	关彳山	2023	11	19							
我 是 CF<lan=en> 十年 老兵, 雖然講 現刻 無 客佻 了.	我 可是 CF 十年 老兵, 雖然 現在 不 玩 了 吧.		translated	关彳山	2023	11	19							
儥遘 吧, 儥遘 是 S<lan=en> 彎 吧, 嚽 可 是 最 簡單 的.	不會 吧, 不會 是 S 彎 吧, 這 可 是 最 簡單 的.		translated	关彳山	2023	11	19							
儥遘 吧, 儥遘 是 S<lan=en> 彎 吧, 嚽 第一 簡單 吓.	不會 吧, 不會 是 S 彎 吧, 這 可 是 最 簡單 的.		translated	关彳山	2023	11	19							
進行交流共互動的過程中.	進行交流與互動的過程中.		translated	关彳山	2023	11	19							
交流共互動其過程臺中.	進行交流與互動的過程中.		translated	关彳山	2023	11	19							
正是, 所以儂家都注意仂囝, 謹防乞儂騙.	對啊, 所以我們都要注意著點, 謹防被騙.		translated	关彳山	2023	11	19							
正是, 故此儂家都注意仂囝, 莫乞儂騙去.	對啊, 所以我們都要注意著點, 謹防被騙.		translated	关彳山	2023	11	19							
好吓, 傒勢含無蜀時想去古城去了?	好呀, 怎麽突然想去古城了?		translated	关彳山	2023	11	19							
透過策展儂其獨到眼光.	透過策展人的獨到眼光.		translated	关彳山	2023	11	19							
轉我的家鄉看蜀看.	回我的家鄉看看.		translated	关彳山	2023	11	19							
終於忍儥住了.	終於忍不住了.		translated	关彳山	2023	11	19							
到底是忍儥住了.	終於忍不住了.		translated	关彳山	2023	11	19							
展示兩條金項鍊.	展示兩條金項鍊.		translated	关彳山	2023	11	19							
連𡅏三工將伊邁𩩍𡅏.	連續三天背着她.		translated	关彳山	2023	11	19							
者 消息 對 囫圇 厝 儂 來 講 都 野 生驚<y=ciang55-ngiang55>.	對 全家 人 都 是 晴天霹靂 的 消息.		translated	关彳山	2023	11	19							
失去汝的神情.	失去你的神情.		translated	关彳山	2023	11	19							
失去汝其神情.	失去你的神情.		translated	关彳山	2023	11	19							
坐着竈前的門邊.	坐在廚房的門邊.		translated	关彳山	2023	11	19							
坐着竈前其門邊.	坐在廚房的門邊.		translated	关彳山	2023	11	19							
會使<y=a24-sai33>, 儂家<y=nang21-nga55> 蔣樣<y=zuong242> 過<y=guo213> 去<y=o0>?	好的, 咱們 怎麽 過 去?		translated	关彳山	2023	11	19							
黃燈其十字路口.	黃燈的十字路口.		translated	关彳山	2023	11	19							
會使, 無問題.	行, 沒問題.		translated	关彳山	2023	11	19							
去<y=koo213> 頭先<y=ta21-eing55> 的<y=nik0> 金庫<y=ging53-kou213> 許邊<y=hi21-meing55> 等<y=ding21> 車<y=cia55>.	去 剛剛 的 金庫 那邊 等 車.		translated	关彳山	2023	11	19							
回* 就好.	那 就 好.		translated	关彳山	2023	11	19							
回* 就 會使.	那 就 好.		translated	关彳山	2023	11	19							
半晡行轉了.	傍晚回來了.		translated	关彳山	2023	11	19							
是儂家的蜀份子.	是我們的一份子.		translated	关彳山	2023	11	19							
二話<y=ni53-ua242> 都 伓 講 吓, 牽<y=keing55> 伊 手 𡅏 向 外斗 行.	二話 不 說, 拉 住 她 的 手 往 外 走.		translated	关彳山	2023	11	19							
這 幾 禮拜 真 的 忙 爆<y=boo213> 去<y=o0>.	這 幾 週 真 的 是 忙 爆 了.		translated	关彳山	2023	11	19							
至少 車 𡅏 有 暖氣.	至少 車 上 有 暖氣.		translated	关彳山	2023	11	19							
行裏以後含無蜀時會看見.	進去後居然遇到.		translated	关彳山	2023	11	19							
儂客 點<y=deing33> 去<y=ngo0> 卌三<y=siek21-sang53> 楞<y=neing213> 大 其 披薩<lan=cmn>.	客人 點 了 四十三 份 大 披薩.		translated	关彳山	2023	11	19							
會使, 自家 開 車 比較 方便.	可以, 自駕 方便.		translated	关彳山	2023	11	19							
伓驚路遠, 㑚驚志短.	不怕路遠, 就怕志短.		written	关彳山	2023	11	19							
我中意汝.	我喜歡你.		written	关彳山	2023	11	19							
我中意食飯.	我喜歡喫飯.		written	关彳山	2023	11	19							
我最中意客佻手機.	我最喜歡玩手機.		written	关彳山	2023	11	19							
無灠, 無汗, 就無成功其目滓.	沒有口水和汗水, 就沒有成功的淚水.		written	关彳山	2023	11	19							
今旦食粥.	今天喫粥.		written	关彳山	2023	11	19							
嚽是蜀粒西瓜.			written	关彳山	2022	12	12							
這芘正是葡萄.			written	关彳山	2022	12	12							
伊野中意食蘋果.			written	关彳山	2022	12	12							
我是蜀隻儂.			written	关彳山	2022	12	12							
儂家都是地球儂.			written	关彳山	2022	12	12							
汝各儂是俤所儂?			written	关彳山	2022	12	12							
伊各儂是伓是福州儂?			written	关彳山	2022	12	12							
回* 是 蜀 頭 豬.			written	关彳山	2022	12	12							
許 蜀 芘 會使 掏 儥?			written	关彳山	2022	12	12							
這塊 是 南街.			written	关彳山	2022	12	12							
這所 是 蒙古營.			written	关彳山	2022	12	12							
許塊 是 城門.			written	关彳山	2022	12	12							
許所 是 我 厝.			written	关彳山	2022	12	12							
今旦 逿 雨.	今天 下 雨.		written	关彳山	2023	11	19							
自家 讀 囉<y=lo0> 三 年 高中 白白 着<y=luoh24><m=地> 浪費.			translated	关彳山	2023	11	20							
露出仂囝不懷好意的笑.	露出一絲不懷好意的笑.		translated	关彳山	2023	11	24							
我趕忙衝上去買票.	我趕忙衝上去購票.		translated	关彳山	2023	11	24							
行遘這所來.	走到這裏來.		translated	关彳山	2023	11	24							
快仂囝吓, 伊有仂囝肝火熧去了哇.	快點啊, 他有點惱.		translated	关彳山	2023	11	24							
無盡好客佻吓.	不怎麽好玩了.		translated	关彳山	2023	11	24							
新年<y=sing55-nieng53> 來<y=li53> 了<y=lau0>. 我<y=nguai33> 祝<y=zeoyk24> 汝<y=ny33> 身體<y=sing53-te33> 健康<y=gyong55-koung55>, 吉祥<y=gik21-suong53> 如意<y=y21-ei213>.			spoken	鄭天鐳	2018	2	16							
新年<y=sing55-nieng53> 好<y=ho33>.			spoken	陸瑩	2018	2	16							
祝<y=zeoyk24> 汝<y=ny33> 身體<y=sing53-te33> 健康<y=gyong55-koung55>, 萬事<y=uang53-seoy242> 如意<y=y21-ei213>.			spoken	陸瑩	2018	2	16							
卜<y=buoh21> 做年<y=zo55-nieng53> 了<y=lau0>. 祝<y=zeoyk24> 先生<y=sing55-nang55> 身體<y=sing53-te33> 健康<y=gyong55-koung55>, 萬事<y=uang53-seoy242> 如意<y=y21-ei213>.			spoken	王佳文	2018	2	16							
新年<y=sing55-nieng53> 卜<y=buoh55> 遘<y=gau213> 了<y=lau0>. 我<y=nguai33> 敆<y=gak5> 這所<y=zeo53-neo33> 祝<y=zeoyk24> 先生<y=sing55-nang55> 身體<y=sing53-te33> 健康<y=gyong55-koung55>, 萬事<y=uang53-seoy242> 如意<y=y21-ei213>.			spoken	子善	2018	2	16							
十分鐘<y=seik21-hung55-njyng55> 時間<y=si55-gang55> 盡<y=zing53><m=很> 快<y=ka213>, 赴々<y=hou21-lou213><m=趕> 會<y=a242><m=得> 過<y=guo213><m=上>.			spoken	关彳山	2023	11	26							
轉 空調 裏勢 㑚 蜀 下 再 出 去, 就 見覺 野 焅, 儥 受 啦!	進到 空調房 裏 一小會兒 再 去 陽臺, 就 覺得 悶熱 難 耐 啊!		written	李浩博	2020	6	17							
儂講: 哀啊<typofix=哀吓>! 者堂野霸! 物理, 化學摳蜀堆上, 暴乍聽講啊.	有人說: 第一次聽說物理化學能合在一門課上學習啊!		written	李浩博	2020	6	18							
之前, 華盛頓郵報 禮拜六 其 報道 有 講, 敆 卡達, 也 號 𡅏 卡塔爾 其 調解 下底, 以色列 共 哈馬斯 之間 已經 達成 協議, 講 無 介 拍仗 了. 不過 白宮 國家 安全 委員會 發言人 Adrienne<lan=en> Watson<lan=en> 此刻 發 聲明 講 清楚, 故 未 就 暫時 停火 達成 任何 協議.	華盛頓郵報 週六 稍早 報道 指出, 在 卡達, 即 卡塔爾 斡旋 下, 以色列 和 哈馬斯 之間 已 達成 停火 協議. 不過 白宮 國家 安全 委員會 發言人 Adrienne Watson 迅速 聲明 澄清, 強調 尚未 就 暫時 停火 達成 任何 協議.		translated	关彳山	2023	11	19				Wikimedia Incubator contributors. 聽講以哈達成停火協議？白宮講「未」，故敆努力[G/OL]. Wikimedia Incubator, 2023-11-19[2023-11-26]. https://incubator.wikimedia.org/w/index.php?title=Wn/cdo/聽講以哈達成停火協議？白宮講「未」，故敆努力&oldid=6152499.			
聽講以哈達成停火協議? 白宮講, 未, 故敆努力.	傳以哈達成停火協議? 白宮表示, 尚未, 持續努力中.		translated	关彳山	2023	11	19				Wikimedia Incubator contributors. 聽講以哈達成停火協議？白宮講「未」，故敆努力[G/OL]. Wikimedia Incubator, 2023-11-19[2023-11-26]. https://incubator.wikimedia.org/w/index.php?title=Wn/cdo/聽講以哈達成停火協議？白宮講「未」，故敆努力&oldid=6152499.			
發言人講, 協議故未達成, 儂家會繼續努力. 路透社報道, 故有蜀隻美國官員也有證實, 以色列共哈馬斯故未達成世乇協議.	發言人表示, 協議尚未達成, 我們將繼續努力. 路透社報道, 另一名美國官員也證實以哈尚未達成任何協議.		translated	关彳山	2023	11	19				Wikimedia Incubator contributors. 聽講以哈達成停火協議？白宮講「未」，故敆努力[G/OL]. Wikimedia Incubator, 2023-11-19[2023-11-26]. https://incubator.wikimedia.org/w/index.php?title=Wn/cdo/聽講以哈達成停火協議？白宮講「未」，故敆努力&oldid=6152499.			
以色列總理, Benjamin<lan=en> Netanyahu<lan=en>, 敆拜六, 也就是十一月十八號, 新聞發布會懸頂也否認去協議其消息, 故批評講, 這兩幫野価報道都有賺, 強調㑚達成協議, 將會公告以色列民眾. 伊強調希望救下所有儂. 儂家盡最大其努力帶轉所有儂, 包括分階段去進行.	以色列總理, Benjamin Netanyahu, 在周六, 即十一月十八日, 新聞發布會上也否認協議消息, 並抨擊近期有許多不正確的報道, 強調若達成協議, 將會公告以色列民眾. 他強調希望救回所有人. 我們盡最大努力帶回所有人, 包括分階段進行.		translated	关彳山	2023	11	19				Wikimedia Incubator contributors. 聽講以哈達成停火協議？白宮講「未」，故敆努力[G/OL]. Wikimedia Incubator, 2023-11-19[2023-11-26]. https://incubator.wikimedia.org/w/index.php?title=Wn/cdo/聽講以哈達成停火協議？白宮講「未」，故敆努力&oldid=6152499.			
有蜀隻伓想講出自家名字其儂, 乞華盛頓郵報消息. 華郵之前其報道, 引用伊其消息, 講以色列, 美國共哈馬斯已經達成蜀項臨時其協議, 之前着加薩乞攔去儥行, 㑚使做人質其幾十隻女界共伲囝哥, 這下都放去, 這樣款換遘暫停拍仗. 㑚是真其這樣款, 嚽就是以哈爆發衝突超過蜀個月日以來, 兩邊頭頭回暫停拍仗.	華盛頓郵報早前的報道引述不具名人士消息指出, 以色列, 美國和哈馬斯已達成一項臨時協議, 將釋放數十名在加薩被扣為人質的婦女和兒童, 以換取暫停交火. 若成真, 這將以哈爆發衝突月馀以來, 雙方首次暫時休戰.		translated	关彳山	2023	11	19				Wikimedia Incubator contributors. 聽講以哈達成停火協議？白宮講「未」，故敆努力[G/OL]. Wikimedia Incubator, 2023-11-19[2023-11-26]. https://incubator.wikimedia.org/w/index.php?title=Wn/cdo/聽講以哈達成停火協議？白宮講「未」，故敆努力&oldid=6152499.			
華郵講, 這芘協議內容會遘六頁長, 細節包括各方第一少五工無拍仗, 同時每廿四小時分批放待五十隻或且故価其人質.	華郵指稱, 該協議內容長達六頁, 細節包括各方將凍結戰鬥行動至少五天, 同時每二十四小時分批釋放五十名或更多的人質.		translated	关彳山	2023	11	19				Wikimedia Incubator contributors. 聽講以哈達成停火協議？白宮講「未」，故敆努力[G/OL]. Wikimedia Incubator, 2023-11-19[2023-11-26]. https://incubator.wikimedia.org/w/index.php?title=Wn/cdo/聽講以哈達成停火協議？白宮講「未」，故敆努力&oldid=6152499.			
支持反猶太貼文引起爭議, 馬斯克威脅對批評者提起核彈蜀樣其訴訟.	支持反猶太貼文惹爭議, 馬斯克威脅對批評者提起核彈式訴訟.		translated	关彳山	2023	11	18				Wikimedia Incubator contributors. 支持反猶太貼文引起爭議，馬斯克威脅對批評者提起「核彈蜀樣其」訴訟[G/OL]. Wikimedia Incubator, 2023-11-18[2023-11-26]. https://incubator.wikimedia.org/w/index.php?title=Wn/cdo/支持反猶太貼文引起爭議，馬斯克威脅對批評者提起「核彈蜀樣其」訴訟&oldid=6152515.			
拜六, 也 就是十一月 十八號, 美國 太空 探索 技術 公司 特斯拉 電動車 集團 執行長 馬斯克 敆 社媒 X<lan=en> 平台 𡅏 貼 文 表示, X<lan=en> 公司 會 提 起 訴訟, 因爲 公司 受 遘 美國 自由派 媒體 監督 機構, 美國 媒體 重要, 等等 組織 其 批判.	星期六, 即 十一月 十八日, 美國 太空 探索 技術 公司 特斯拉 電動車 集團 執行長 馬斯克 在 社媒 X 平臺 上 貼 文 表示, X 公司 將 因爲 受 到 美國 自由派 媒體 監督 機構, 美國 媒體 重要, 等 組織 的 攻擊 而 提起 訴訟.		translated	关彳山	2023	11	18				Wikimedia Incubator contributors. 支持反猶太貼文引起爭議，馬斯克威脅對批評者提起「核彈蜀樣其」訴訟[G/OL]. Wikimedia Incubator, 2023-11-18[2023-11-26]. https://incubator.wikimedia.org/w/index.php?title=Wn/cdo/支持反猶太貼文引起爭議，馬斯克威脅對批評者提起「核彈蜀樣其」訴訟&oldid=6152515.			
拜一法院大門蜀開, 公司將對媒體重要共別其屈蜀堆卜想對儂家公司做虛假攻擊其, 提出蜀項核彈蜀樣其訴訟, 馬斯克敆平臺𡅏講. 除了美國媒體重要機構, 伊無講遘別其公司其名字.	星期一法院大門一開, 公司將對媒體重要以及其他合謀對我們公司進行虛假攻擊者提出一項核彈式的訴訟, 馬斯克在平臺上說. 除了美國媒體重要機構, 他沒有提及其他公司的名稱.		translated	关彳山	2023	11	18				Wikimedia Incubator contributors. 支持反猶太貼文引起爭議，馬斯克威脅對批評者提起「核彈蜀樣其」訴訟[G/OL]. Wikimedia Incubator, 2023-11-18[2023-11-26]. https://incubator.wikimedia.org/w/index.php?title=Wn/cdo/支持反猶太貼文引起爭議，馬斯克威脅對批評者提起「核彈蜀樣其」訴訟&oldid=6152515.			
美國準備乞日本四百粒戰斧飛彈.	美國準備向日本提供四百枚戰斧飛彈.		translated	关彳山	2023	11	18				Wikimedia Incubator contributors. 美國準備乞日本400粒「戰斧」飛彈[G/OL]. Wikimedia Incubator, 2023-11-18[2023-11-26]. https://incubator.wikimedia.org/w/index.php?title=Wn/cdo/美國準備乞日本400粒「戰斧」飛彈&oldid=6152521.			
美國禮拜五, 也就是十一月十七號, 批准了日本買四百粒戰斧飛彈其請求. 悗算共中國有做新其對話, 㑚是講嚽是東京加強自家防禦能力其蜀部分. 美國國務院講, 美國將批准這芘會值廿三點五億美元其交易, 臺中包括兩種戰斧飛彈, 射程會遘千六公里, 也就是九百九十五英里.	美國週五, 即十一月十七日, 批准了日本購買四百枚戰斧飛彈的請求. 儘管與中國進行了新的對話, 但這是東京加強其防禦能力的一部分. 美國國務院表示, 美國將批准這筆價值二十三點五億美元的交易, 其中包括兩種類型的戰斧飛彈, 射程為一千六百公里, 即九百九十五英里.		translated	关彳山	2023	11	18				Wikimedia Incubator contributors. 美國準備乞日本400粒「戰斧」飛彈[G/OL]. Wikimedia Incubator, 2023-11-18[2023-11-26]. https://incubator.wikimedia.org/w/index.php?title=Wn/cdo/美國準備乞日本400粒「戰斧」飛彈&oldid=6152521.			
這所傒勢有犬?	這裏怎麼會有狗?		translated	关彳山	2023	11	27							
我是丈夫囝.	我是男孩.		translated	关彳山	2023	11	27							
我中意藍色其天.	我喜歡藍天.		translated	关彳山	2023	11	27							
我中意看書.	我喜歡看書.		translated	关彳山	2023	11	27							
我中意食魚.	我喜歡喫魚.		translated	关彳山	2023	11	27							
我中意聽音樂.	我喜歡聽音樂.		translated	关彳山	2023	11	27							
我中意食肉.	我喜歡喫肉.	I like eating meat.	translated	关彳山	2023	11	29							
